{"current":{"color_announcement_bg":"#f9dec4","color_announcement_text":"#7f6450","color_header_bg":"#f9dec4","color_header_text":"#7f6450","color_nav_border":"#f9dec4","color_body_bg":"#f9dec4","color_body_text":"#7f6450","color_primary":"#7f6450","color_secondary":"#7f6450","color_bg_light":"#7f6450","color_bg_inverse":"#f9dec4","color_text_inverse":"#7f6450","color_primary_inverse":"#7f6450","color_secondary_inverse":"#7f6450","color_bg_accent_inverse":"#7f6450","product_background_color":"#f9dec4","color_footer_bg":"#f9dec4","color_footer_text":"#7f6450","type_header_font":"open_sans_condensed_n3","type_heading_size":100,"font_title_capitalize":true,"type_accent_font":"open_sans_condensed_n3","type_accent_size":125,"type_base_font":"questrial_n4","type_body_size":125,"button_radius":10,"animations_enable":true,"parallax_enable":false,"collection_text_alignment":"text-center","product_grid_style":"under","image_hover_enable":true,"image_autoheight_enable":true,"product_grid_aspect_ratio":1,"swatches_enable":false,"swatches_collection_enable":false,"tag_sellout":true,"tag_sale":true,"tag_new":true,"tag_new_limit":14,"social_twitter_link":"","social_facebook_link":"https:\/\/www.facebook.com\/LOGAN-PETIT-LOT-474470686639020","social_instagram_link":"https:\/\/www.instagram.com\/loganpetitlot\/","social_tiktok_link":"","social_pinterest_link":"https:\/\/www.pinterest.ca\/loganpetitlot\/","social_youtube_link":"https:\/\/www.youtube.com\/channel\/UC-Y4332b-d1AT3CTL7Qt1bQ\/featured","social_vimeo_link":"","social_tumblr_link":"","social_medium_link":"","social_snapchat_link":"","share_enable_facebook":false,"share_enable_pinterest":false,"share_enable_twitter":false,"favicon":"shopify:\/\/shop_images\/Logo_LPL_Simplifie-791x1024.jpg","checkout_header_image":"","checkout_logo_image":"","checkout_logo_position":"left","checkout_logo_size":"medium","checkout_body_background_image":"","checkout_body_background_color":"#fff","checkout_input_background_color_mode":"white","checkout_sidebar_background_image":"","checkout_sidebar_background_color":"#fafafa","checkout_heading_font":"Helvetica Neue","checkout_body_font":"Helvetica Neue","checkout_accent_color":"#E37648","checkout_button_color":"#f4a482","checkout_error_color":"#585e71","color_account_bg":"#f3f3f3","color_account_text":"#656565","color_splash":"#f4a482","color_border":"#dddddd","homepage_background_light":"#f7f7f7","homepage_background_dark":"#2e3438","product_slideshow_arrows":"#cccccc","color_footer_social_link":"#a9a9a9","padding":32,"checkout_use_body_background_image":false,"sections":{"header":{"type":"header","custom_css":[".home__subtitle {color: #7f6450;}"],"settings":{"header_style":"split","logo":"shopify:\/\/shop_images\/C678_P428_Logo_Logan_Petit_Lot_V_Brun_RGB.png","logo_max_limit":75,"main_menu_linklist":"nouveau-menu","enable_search":true,"enable_account":false,"use_icons":true,"header_sticky":"sticky","transparent_home":false,"transparent_collection":false,"transparent_blog":false,"transparent_article":false,"transparent_page":false,"transparent_text_color":"#f9dec4"}},"footer":{"type":"footer","custom_css":[".klaviyo-form{background: none !important;}",".klaviyo-form input[type=\"email\"]{background: #f9dec4 !important;}",".klaviyo-form button{background: #7F6450 !important;}"],"settings":{"imgUrl":"shopify:\/\/shop_images\/C678_P428_Icone_Logan_Petit_Lot_Blanc_RGB.png","description1":"At Logan Petit Lot, we are committed to approaching nut sourcing with radical honesty. We set out to own small-batch thinking - from shell to shelf - and to dedicate ourselves equally to good taste, good health and good doing.","heading1":"EXPLORE","menu1":"learn-1","heading2":"Shop","menu2":"learn","heading3":"CONTACT","menu3":"contact","heading4":"newsletter","description2":"Sign up for delicious news!","instagram":"https:\/\/www.instagram.com\/loganpetitlot\/","facebook":"https:\/\/www.facebook.com\/LOGAN-PETIT-LOT-474470686639020\/","twitter":"","copyright":"© 2025 Logan Petit Lot. All Rights Reserved.","menu4":"copyright"}},"product":{"type":"product","blocks":{"tab_richtext_M96dVV":{"type":"tab_richtext","settings":{"title":"ALLERGENS","raw_content":"<p>Made in a facility using: peanuts, tree nuts (all types) and sesame seeds.<\/p>"}},"06fc6f39-d2ce-4315-98c7-3224bb383278":{"type":"tab_richtext","settings":{"title":"SHIPPING","raw_content":"<p>We ship every Wednesday. Orders placed before noon on Tuesday (EST) will ship on Wednesday.<\/p><p>·    <strong>Free shipping <\/strong>in<strong> Canada <\/strong>on orders of <strong>$100 and more.<\/strong><\/p><p>·    Orders in the<strong> Greater Montreal Area<\/strong> are shipped  with a <strong>carbon neutral delivery service.<\/strong><\/p><p>Please make sure to provide a valid shipping address. If an order is returned due to an incorrect address, we’d be happy to reship it, but additional shipping costs will apply.<\/p><p><strong>We do not accept returns or issue refunds<\/strong>. However, if you have any issues with your product, please email us at <a href=\"mailto:info@loganpetitlot.ca\"><strong>info@loganpetitlot.ca<\/strong><\/a> and we will address these on a case-by-case basis. If your products were damaged in transit, please email us pictures and details within 48 hours of delivery.<\/p>"}},"9d0382fc-573a-44a0-99c3-9902915d226b":{"type":"tab_richtext","settings":{"title":"FAQ","raw_content":"<p>Check out our <a href=\"https:\/\/loganpetitlot.shop\/pages\/faq\" target=\"_blank\">FAQ<\/a> for more information about our products. Still need answers? <a href=\"mailto:info@loganpetitlot.ca\" target=\"_blank\" title=\"mailto:info@loganpetitlot.ca\"><strong>Email us<\/strong><\/a><strong>!<\/strong> We’re happy to help.<\/p>"}},"44c8be9d-e314-4f19-b878-c53c4d689384":{"type":"tab_richtext","settings":{"title":"INGREDIENTS","raw_content":"<p>We source our ingredients with radical honesty. To learn more about the ingredients we use and the people behind, click <a href=\"https:\/\/loganpetitlot.shop\/pages\/honest-ingredients\" target=\"_blank\" title=\"https:\/\/loganpetitlot.shop\/pages\/honest-ingredients\"><strong>here<\/strong><\/a>. <\/p>"}},"68de272d-8ea3-49dc-be17-cdc4cc51ea10":{"type":"tab_richtext","settings":{"title":"RECIPES","raw_content":"<p>Looking for creative nut butter recipes? Click <a href=\"https:\/\/loganpetitlot.shop\/pages\/recipes\" target=\"_blank\" title=\"https:\/\/loganpetitlot.shop\/pages\/recipes\"><strong>here!<\/strong><\/a><\/p>"}}},"block_order":["tab_richtext_M96dVV","06fc6f39-d2ce-4315-98c7-3224bb383278","9d0382fc-573a-44a0-99c3-9902915d226b","44c8be9d-e314-4f19-b878-c53c4d689384","68de272d-8ea3-49dc-be17-cdc4cc51ea10"],"settings":{"image_width":"wide","align":"product__align-left","variant_form":"button","form_position":"above","product_breadcrumbs":true,"show_quantity":true,"show_remaining":false,"enable_payment_button":true,"product_show_vendor":false,"social_enable":true,"product_reviews_enable":false,"enable_video_looping":true,"zoom_enable":true,"info_page":"","tabs_position":"below"}},"collection":{"type":"collection","settings":{"grid_setting_large":3,"grid_setting_small":1,"product_limit":48,"enable_layout_toggle":true,"collection_sorting":true,"text_align":"align--middle-center","show_title":true,"show_title_below":true,"show_description":false,"show_description_below":false,"show_image":true,"image_height":"use_screen_one_third","overlay_opacity":20,"color":"palette--contrast--dark","hide_sidebar":false,"collection_custom_nav_list":"learn","collection_standard_nav":false,"collection_tag_nav":false}},"blog":{"type":"blog","settings":{"layout":"grid","blog_show_meta":false,"overlay_opacity":30,"image_height":"use_screen_one_half","color":"palette--contrast--dark","tags":false}},"article":{"type":"article","settings":{}},"index-product":{"type":"index-product","settings":{}},"index-collection":{"type":"index-collection","disabled":true,"settings":{"title":"blitz","collection":"blitz","grid":3,"rows":1,"bg":"section","show_view_all":false}},"index-video":{"type":"index-video","settings":{"image":"shopify:\/\/shop_images\/HOME-PAGE-1-1024x576.jpg","video_link":"","height":"use_screen_two_thirds","overlay_opacity":15,"autoplay":false,"show_play":false,"title":"small-batch nut butters","description":"","text_align":"align--middle-center","color":"palette--contrast--dark"}},"index-collection-grid":{"type":"index-collection-grid","blocks":{"index-collection-grid-1":{"type":"featured_collection","settings":{"collection":"","title":"Featured collection","link_text":"View products"}}},"block_order":["index-collection-grid-1"],"settings":{"title":"Collection list","grid":2,"bg":"section","color":"palette--contrast--dark","button_style":"btn--outline","overlay_opacity":15,"aspect_ratio":0.7}},"index-double":{"type":"index-double","blocks":{"index-double-1":{"type":"text","settings":{"title":"notre promesse","richtext":"<p>Use this text to share information about your brand with your customers. Describe a product, share announcements, or welcome customers to your store.<\/p>","text_align":"align--middle-center","bg":"section","link_text":"","button_style":"btn"}},"9183ef5c-51b2-419e-a34f-e21ebb6a8930":{"type":"text","settings":{"title":"AUTRE texte ou photo","richtext":"<p>Use this text to share information about your brand with your customers. Describe a product, share announcements, or welcome customers to your store.<\/p>","text_align":"align--middle-center","bg":"section","link_text":"","button_style":"btn"}}},"block_order":["index-double-1","9183ef5c-51b2-419e-a34f-e21ebb6a8930"],"settings":{"height":"use_screen_one_half"}},"index-columns":{"type":"index-columns","blocks":{"index-columns-0":{"type":"text_block","settings":{"enable_image":true,"title":"Add a title or tagline","text":"<p>Share blog posts, products, or promotions with your customers. Use this text to describe products, share details on availability and style, or as a space to display recent reviews or FAQs.<\/p>","button_label":"","enable_video":false,"video_link":"https:\/\/www.youtube.com\/watch?v=_9VUPq3SxOc"}},"index-columns-1":{"type":"text_block","settings":{"enable_image":true,"title":"Add a title or tagline","text":"<p>Share blog posts, products, or promotions with your customers. Use this text to describe products, share details on availability and style, or as a space to display recent reviews or FAQs.<\/p>","button_label":"","enable_video":false,"video_link":"https:\/\/www.youtube.com\/watch?v=_9VUPq3SxOc"}},"index-columns-2":{"type":"text_block","settings":{"enable_image":true,"title":"Add a title or tagline","text":"<p>Share blog posts, products, or promotions with your customers. Use this text to describe products, share details on availability and style, or as a space to display recent reviews or FAQs.<\/p>","button_label":"","enable_video":false,"video_link":"https:\/\/www.youtube.com\/watch?v=_9VUPq3SxOc"}}},"block_order":["index-columns-0","index-columns-1","index-columns-2"],"settings":{"title":"Text columns with images","bg":"section","align_text":"text-center","scale_image":true,"aspect_ratio":1}},"index-slideshow":{"type":"index-slideshow","blocks":{"index-slideshow-0":{"type":"image","settings":{"title":"Image slide"}},"index-slideshow-1":{"type":"image","settings":{"title":"Image slide"}}},"block_order":["index-slideshow-0","index-slideshow-1"],"settings":{}},"index-blog":{"type":"index-blog","settings":{"title":"News","homepage_blog":"news","homepage_blog_count":2,"bg":"section","color":"palette--contrast--dark","aspect_ratio":0.7}},"index-logos":{"type":"index-logos","blocks":{"index-logos-0":{"type":"logo_image","settings":{}},"index-logos-1":{"type":"logo_image","settings":{}},"index-logos-2":{"type":"logo_image","settings":{}},"index-logos-3":{"type":"logo_image","settings":{}},"index-logos-4":{"type":"logo_image","settings":{}}},"block_order":["index-logos-0","index-logos-1","index-logos-2","index-logos-3","index-logos-4"],"settings":{"title":"","bg":"section"}},"index-map":{"type":"index-map","settings":{"height":"use_screen_one_half","heading":"Our store","address":"<p>123 Fake St.<br\/>Whistler, Canada<\/p><p>Mon - Fri, 10am - 9pm<br\/>Weekends, 11am - 4pm<\/p>","button":"Directions","button_style":"btn","style":"light","zoom":11,"bg":"section","api_key":"","map_address":"4300 Main St, Whistler"}},"announcement":{"type":"announcement","settings":{"enable":true,"message":"FREE SHIPPING IN CANADA ON ORDERS OF $100 | Flat shipping rate of $7.50 in Canada on orders between $65-$99","more":"","url":"","enable_account":false,"enable_search":false}},"related":{"type":"related","settings":{"related_products_enable":false,"limit":2,"product_recommendations_heading":"Related products"}},"page-images":{"type":"page-images","blocks":{"387494cc-a5f8-4883-815c-0eca545e0a61":{"type":"page_image","settings":{"block_page":"our-story","image":"shopify:\/\/shop_images\/Our_Process-2_df57f4f2-05db-4e92-8f2f-7e9071d02a04.jpg"}},"279f0304-00b3-4a9f-8e11-00356495f848":{"type":"page_image","settings":{"block_page":"radical-honesty","image":"shopify:\/\/shop_images\/HONEST_INGREDIENTS_BANNER.jpg"}},"cb8afe18-c0bf-44f2-a293-c193cb23b403":{"type":"page_image","settings":{"block_page":"faq","image":"shopify:\/\/shop_images\/LPL-fond-couleurs-30.jpg"}},"e67ba5ee-aaf6-4ee0-9b15-56ac2c3df240":{"type":"page_image","settings":{"block_page":"find-us","image":"shopify:\/\/shop_images\/LPL-fond-couleurs-5.jpg"}},"b98985da-6a70-4212-81d0-63146169b055":{"type":"page_image","settings":{"block_page":"press","image":"shopify:\/\/shop_images\/LPL-fond-couleurs-12.jpg"}},"37409a63-5f99-4e74-a4eb-f702caeb8802":{"type":"page_image","settings":{"block_page":"our-process","image":"shopify:\/\/shop_images\/LoganPetitLotFrame1_9.1.7.jpg"}},"page_image_PfUUGt":{"type":"page_image","settings":{"block_page":"newsletter","image":"shopify:\/\/shop_images\/fabrique1840_LPL.jpg"}},"992cd537-dc76-49c5-a6e2-6874d09d5f83":{"type":"page_image","settings":{"block_page":"wholesale","image":"shopify:\/\/shop_images\/IMG_0166.jpg"}},"page_image_tCU769":{"type":"page_image","settings":{"block_page":"rewards-program","image":"shopify:\/\/shop_images\/LPL-fond-couleurs-8.jpg"}},"6a2a738d-1941-401d-ae2e-833e40a5790e":{"type":"page_image","settings":{"block_page":"store-locator","image":"shopify:\/\/shop_images\/LPL-fond-couleurs-5.jpg"}}},"block_order":["387494cc-a5f8-4883-815c-0eca545e0a61","279f0304-00b3-4a9f-8e11-00356495f848","cb8afe18-c0bf-44f2-a293-c193cb23b403","e67ba5ee-aaf6-4ee0-9b15-56ac2c3df240","b98985da-6a70-4212-81d0-63146169b055","37409a63-5f99-4e74-a4eb-f702caeb8802","page_image_PfUUGt","992cd537-dc76-49c5-a6e2-6874d09d5f83","page_image_tCU769","6a2a738d-1941-401d-ae2e-833e40a5790e"],"settings":{"image_height":"use_screen_two_thirds","overlay_opacity":15,"palette":"palette--contrast--dark","text_align":"align--middle-center"}},"page-faq":{"type":"page-faq","blocks":{"page-faq-0":{"type":"text","settings":{"title":"Where can I buy your products?","content":"<p>You can order them right here on the <a href=\"\/collections\/all\" title=\"All Products\"><strong>website<\/strong><\/a>. It’s a practical way to purchase our products if you unfortunately do not live close to one of our retailers. You can also find them at select retailer stores . To find out about those stores, head over to our <a href=\"https:\/\/loganpetitlot.shop\/pages\/find-us\" title=\"https:\/\/loganpetitlot.shop\/pages\/find-us\"><strong>find us<\/strong><\/a> page!<\/p>"}},"page-faq-1":{"type":"text","settings":{"title":"Do you accept returns or issue refunds?","content":"<p><strong>We do not accept returns or issue refunds<\/strong>. However, if you have any issues with your product, please email us at <a href=\"mailto:info@loganpetitlot.caa\" target=\"_blank\" title=\"mailto:info@loganpetitlot.caa\"><strong>info@loganpetitlot.ca<\/strong><\/a> and we will address these on a case-by-case basis. If your products were damaged in transit, please email us pictures and details within 48 hours of delivery. <\/p>"}},"page-faq-2":{"type":"text","settings":{"title":"How long will it take to ship my order?","content":"<p>We ship once a week on Wednesdays. All orders placed before Tuesday (EST) at noon will ship on Wednesday.<\/p>"}},"4be90db9-258a-4640-907d-37f9be190510":{"type":"text","settings":{"title":"What are your shipping rates?","content":"<p>We offer: <\/p><p><strong>- Free shipping in Canada on orders of $100 and more.<\/strong><\/p><p>Orders less than $100 are shipped according to our carriers shipping rates.<\/p>"}},"0c9dc2d5-b2e8-4713-bd7c-66a67907b671":{"type":"text","settings":{"title":"I entered the wrong shipping address when placing my order. What should I do?","content":"<p>Email us at <a href=\"mailto:info@loganpetitlot.ca\" target=\"_blank\" title=\"mailto:info@loganpetitlot.ca\"><strong>info@loganpetitlot.ca<\/strong><\/a> as soon as possible. If your order has not yet been shipped, we will gladly change your shipping address and replace it by the correct one. If your order has already been shipped, it is unfortunately too late to intercept your package.  In the event that your package is returned to us (due to an invalid shipping address) we can either:<\/p><p>1. Refund your order (excluding shipping fees). <\/p><p>2. Reship your order at your own expense.<\/p><p>Whichever option you choose, our team is here to assist you!<\/p>"}},"795855e4-2a65-4729-acf8-1f7daf3c29d4":{"type":"text","settings":{"title":"What's up with your shipping supplies?","content":"<p>Our shipping supplies aren’t the cutest because we make sure to repurpose bubble wraps, cushioning peanuts, foam, and craft paper received from our own suppliers when ordering ingredients. It is our goal to reuse as much shipping supplies as we can.<\/p>"}},"02fda360-6a5c-498e-8ac6-1e03e4d7cd30":{"type":"text","settings":{"title":"What's the difference between your creative blends and your pantry staples?","content":"<p>Each product family has its own purpose.<\/p><p><strong>Creative Blends (size 250 g)<\/strong><\/p><p>- Natural nut butters that combine nuts with other ingredients.<\/p><p>- Ideal for discovering new flavours, treating yourself or gifting!<\/p><p><strong>Pantry Staples (size 475 g)<\/strong><\/p><p>- Natural nut butters showcasing the nuts to their fullest. <\/p><p>- A must-have to cook!<\/p>"}},"46c65ec0-8925-42cc-9e86-1499e77a61fb":{"type":"text","settings":{"title":"Why are your products more expensive than other natural ones found at the store?","content":"<p>That’s a great question!<\/p><p><strong>     1. We pay a fair price for our ingredients<\/strong><\/p><p>Paying a fair price means that we source supplies from producers who value environmental sustainability and respect the workers involved. We encourage transparent sourcing and that’s reflected in the price of our ingredients.<\/p><p><strong>     2. We produce in small batches<\/strong><\/p><p>The entirety of our production is made at our Montreal facility. We don’t call upon the services of any third parties to automate our processes and produce larger quantities than needed. This allows us to maximize the freshness of our products (as our inventory turnover rate is very good) as well as develop bolder, more avant-garde flavours that we wouldn’t have the flexibility to produce large scale. That flexibility and the ability to produce smaller scale do come with a price tag, however.<\/p><p><strong>     3. We don't use any food additives<\/strong><\/p><p>Our products are made from carefully selected ingredients. We don’t use any stabilizers or food additives that would reduce our production costs.<\/p>"}},"f509fa2e-0787-4a2f-ba1e-2483c500ed51":{"type":"text","settings":{"title":"Where are your products made?","content":"<p>Our products are all made in small batches in our <strong>Montreal<\/strong> facility.<\/p>"}},"16980580-87f8-404f-b6dc-ab1598d5d894":{"type":"text","settings":{"title":"Can i pick up my order at your facility?","content":"<p>For the time being, our production space is <strong>unfortunately not conducive for pick ups<\/strong>.<\/p>"}},"8c5bab4f-43a0-40aa-b720-26a5bd4a0b91":{"type":"text","settings":{"title":"Are your products organic?","content":"<p><strong>We don’t have an organic certification<\/strong>, but most of the ingredients that go into making our products are organic.<\/p>"}},"82b7c8af-347d-464b-b244-ff6ac3390da2":{"type":"text","settings":{"title":"Why don’t you use strictly organic ingredients?","content":"<p>Some producers with whom we partner manage small, family-owned plantations that simply don’t have the means to seek out organic certification. In any case, we ensure that our suppliers’ production methods exclude the use of any products considered harmful to human health or the environment.<\/p>"}},"2cc46f23-e392-4647-baa8-90481d3010f6":{"type":"text","settings":{"title":"How can we identify the organic ingredients in your products?","content":"<p>The organic ingredients are identified in the ingredient list.<\/p>"}},"14addb49-e976-4799-8042-99d230cf93c8":{"type":"text","settings":{"title":"Are your products raw?","content":"<p><strong>No<\/strong>. Our nuts are first dry roasted at a low temperature, after which they are ground.<\/p>"}},"2dfd37c0-9388-4c5b-820e-fe89e1d63333":{"type":"text","settings":{"title":"Are your products vegan?","content":"<p><strong>Yes<\/strong>. Our products are all vegan.<\/p>"}},"8fb07927-bc1f-43af-93d2-789e51b42676":{"type":"text","settings":{"title":"Are your products gluten-free?","content":"<p><strong>Our products do not contain gluten<\/strong>, but our facility is not certified gluten-free.<\/p>"}},"7755eed5-5edc-472e-94bc-f1a2cd60f47b":{"type":"text","settings":{"title":"How should i use your nut butters?","content":"<p>We’ve shared a few recipe suggestions <a href=\"https:\/\/loganpetitlot.shop\/pages\/recipes\" target=\"_blank\" title=\"https:\/\/loganpetitlot.shop\/pages\/recipes\"><strong>here<\/strong><\/a><strong>!<\/strong><\/p>"}},"e88a90c5-d401-46cb-b98c-bccfb8cc4e23":{"type":"text","settings":{"title":"Is it possible to know the origin of the nuts you use?","content":"<p>Of course! You can also learn more about all our ingredients by heading over to our <a href=\"https:\/\/loganpetitlot.shop\/pages\/radical-honesty\" target=\"_blank\" title=\"https:\/\/loganpetitlot.shop\/pages\/radical-honesty\"><strong>Radical Honesty <\/strong><\/a>page.<\/p>"}},"7cea4329-2179-423f-8a3e-918c7bdbb26a":{"type":"text","settings":{"title":"Must I store the nut butter in the refrigerator once opened?","content":"<p><strong>It isn’t necessary<\/strong>. We recommend storing it in the pantry, away from a direct light source.  <\/p>"}},"545a099a-ca17-4c9b-82a5-bb2e64c99ae2":{"type":"text","settings":{"title":"Must I stir the nut butter before using it?","content":"<p><strong>Yes<\/strong>. It’s preferable to stir the nut butter for a better distribution of the oil and other ingredients. Stirring will ensure you get a perfect consistency!<\/p>"}},"0248db1b-827e-4ce4-bc75-eef0e630fae1":{"type":"text","settings":{"title":"Is there any added sugar in your nut butters?","content":"<p><strong>Yes<\/strong>, but only in certain products. In such cases, we use organic maple sugar (from Quebec). We also share the nutritional value of each product online which you can view on the product page.<\/p>"}},"048858be-c9b2-4158-acc3-a09c3f7a3ea6":{"type":"text","settings":{"title":"Are there added oils in your nut butters?","content":"<p>For taste and texture purposes, <strong>some of our nut butters (not all!) contain added oils<\/strong>. To learn more about the oils we use, you can check out our <a href=\"https:\/\/loganpetitlot.shop\/pages\/honest-ingredients\" target=\"_blank\" title=\"https:\/\/loganpetitlot.shop\/pages\/honest-ingredients\"><strong>Radical Honesty<\/strong><\/a> page.<\/p>"}},"3daad137-3bbc-4ef6-8ed7-21b94008383a":{"type":"text","settings":{"title":"Is oil separation normal?","content":"<p><strong>Yes it is!<\/strong> Oil separation occurs with natural products, since no food stabilizers are used. Just give your nut butter a stir, and you are good to go!<\/p>"}},"1da40398-78f6-4b42-bca6-144091f74a27":{"type":"text","settings":{"title":"What is the white layer on top of the Peanut Chocolate Butter, and is it safe to eat?","content":"<p>When natural oils separate, the cocoa butter which is naturally found in 100% dark chocolate can separate, solidify and turn white. Though it isn’t aesthetically pleasing, the nut butter is safe to eat. You can simply give it a good stir, and the oil will re-incorporate into the butter.<\/p>"}},"2e113352-7806-4db6-8027-6e4b2026a0c8":{"type":"text","settings":{"title":"What concrete actions are you taking for the environment?","content":"<p>- <strong>Our products are offered in reusable and recyclable glass containers<\/strong>. Whether it be to     store your spices, dressings or sauces, our little jars are multipurpose.<\/p><p>- <strong>We reuse existing packaging materials<\/strong> as best we can to ship out orders (cushioning, polystyrene beads, foam, bubble wrap and kraft paper, etc.)<\/p><p>- <strong>We offer vegan products.<\/strong><\/p><p>- <strong>Our promotional materials are kept to a minimum<\/strong>. We don’t use business cards, explanatory   brochures or unnecessary gift wrapping.<\/p><p>- Whenever possible, <strong>we try to include Quebec ingredients in our recipes<\/strong>. An example of this would be Érablière Caséal’s maple sugar, which is found in many of our products.<\/p><p>- <strong>We recycle<\/strong> the cardboard boxes in which our ingredients are delivered and we select, to the extent possible, containers that can be sent back to suppliers once     used. That’s the case with Caséal’s maple sugar, which is delivered in     reusable buckets.<\/p><p>- All orders in the <strong>Greater Montreal Area<\/strong> are shipped with <strong>Courant +<\/strong>, a Montreal-based carrier that delivers with <strong>electric trucks.<\/strong><\/p>"}},"bcd74da3-6207-4686-9f07-8fa61446472c":{"type":"text","settings":{"title":"What concrete actions are you taking for the environment? (More)","content":"<p>- Thanks to our partner Umano, <strong>our access to the cashew nut supply chain is more direct than the industry average.<\/strong> Cashew nuts from the Coopake Cooperative     (Umano’s partner) are harvested and transformed at the same location. This implies that they’ve travelled a shorter distance prior to their final destination. Rather than take a detour to another continent to be processed, they make a single journey. That isn’t the industry standard; more than 90% of cashew nuts are packed up in the location where they’re grown, only to be shipped off to India, Vietnam or Brazil. Once there, they are hulled and mixed with local nuts, and then resold in Europe and north America.<\/p>"}},"47570336-1543-4707-ba0b-bbe77a2cfedd":{"type":"text","disabled":true,"settings":{"title":"Are your products available in bulk?","content":"<p>At present, <strong>our products aren’t available in bulk<\/strong>, as this type of distribution is difficult to implement without compromising the integrity of the products. Given that we don’t use any stabilizers or preservatives, our nut butters must be stirred before each use so as to avoid the oil floating to the top of the jar. This ensures you’ll get a smooth, creamy texture. That’s more difficult to monitor, however, when many customers serve themselves from the same container.<\/p>"}},"f5a327d4-278f-40ad-81f5-27f3f71a6935":{"type":"text","disabled":true,"settings":{"title":"Are you nevertheless concerned about the need to reduce individual packaging?","content":"<p><strong>Absolutely!<\/strong> We now own a bulk dispenser that may be used at future events we’ll be attending. We’re also considering the possibility of making this dispenser available at certain points of sale on a case-by-case basis. Don’t hesitate to reach out for more information about this.<\/p>"}},"496f725b-8eb9-4058-bae4-24b0d2000561":{"type":"text","settings":{"title":"Can I return the glass jars for you to reuse?","content":"<p><strong>Unfortunately, our current production space does not allow us to receive, wash and sterilize used jars<\/strong>. We encourage you to reuse the jars at home. They are a great option for storing sauces, salad dressings or can even be used as glasses for serving your favourites beverages. They are also recyclable.<\/p>"}}},"block_order":["page-faq-0","page-faq-1","page-faq-2","4be90db9-258a-4640-907d-37f9be190510","0c9dc2d5-b2e8-4713-bd7c-66a67907b671","795855e4-2a65-4729-acf8-1f7daf3c29d4","02fda360-6a5c-498e-8ac6-1e03e4d7cd30","46c65ec0-8925-42cc-9e86-1499e77a61fb","f509fa2e-0787-4a2f-ba1e-2483c500ed51","16980580-87f8-404f-b6dc-ab1598d5d894","8c5bab4f-43a0-40aa-b720-26a5bd4a0b91","82b7c8af-347d-464b-b244-ff6ac3390da2","2cc46f23-e392-4647-baa8-90481d3010f6","14addb49-e976-4799-8042-99d230cf93c8","2dfd37c0-9388-4c5b-820e-fe89e1d63333","8fb07927-bc1f-43af-93d2-789e51b42676","7755eed5-5edc-472e-94bc-f1a2cd60f47b","e88a90c5-d401-46cb-b98c-bccfb8cc4e23","7cea4329-2179-423f-8a3e-918c7bdbb26a","545a099a-ca17-4c9b-82a5-bb2e64c99ae2","0248db1b-827e-4ce4-bc75-eef0e630fae1","048858be-c9b2-4158-acc3-a09c3f7a3ea6","3daad137-3bbc-4ef6-8ed7-21b94008383a","1da40398-78f6-4b42-bca6-144091f74a27","2e113352-7806-4db6-8027-6e4b2026a0c8","bcd74da3-6207-4686-9f07-8fa61446472c","47570336-1543-4707-ba0b-bbe77a2cfedd","f5a327d4-278f-40ad-81f5-27f3f71a6935","496f725b-8eb9-4058-bae4-24b0d2000561"],"settings":{"title":""}},"page-lookbook-1-image":{"type":"page-lookbook-1-image","settings":{"show":false,"full_width":false,"padding":true,"scale_image":false,"aspect_ratio":1}},"page-lookbook-1-text":{"type":"page-lookbook-1-text","blocks":{"1749e8a8-6782-4b91-ac30-8d2db9b788f6":{"type":"text","settings":{"title":"Custom Text","text":"<p>Use this text to share information about your brand with your customers. Describe a product, share announcements, or welcome customers to your store.<\/p>","text_align":"align--top-left","width_desktop":"auto","width_mobile":"auto"}}},"block_order":["1749e8a8-6782-4b91-ac30-8d2db9b788f6"],"settings":{"show":false}},"page-lookbook-2-image":{"type":"page-lookbook-2-image","blocks":{"page-lookbook-2-image-0":{"type":"image","settings":{"link":""}},"57f1ac4e-8aa8-49de-9015-c779bb067d2d":{"type":"image","settings":{"link":""}}},"block_order":["page-lookbook-2-image-0","57f1ac4e-8aa8-49de-9015-c779bb067d2d"],"settings":{"show":false,"full_width":false,"padding":true,"scale_image":false,"aspect_ratio":1}},"page-lookbook-2-text":{"type":"page-lookbook-2-text","blocks":{"b26f4604-8dc4-4fd0-88dc-dbc2e2ead0d0":{"type":"text","settings":{"title":"Custom Text","text":"<p>Use this text to share information about your brand with your customers. Describe a product, share announcements, or welcome customers to your store.<\/p>","text_align":"align--top-left","width_desktop":"auto","width_mobile":"auto"}}},"block_order":["b26f4604-8dc4-4fd0-88dc-dbc2e2ead0d0"],"settings":{"show":false}},"page-lookbook-3-image":{"type":"page-lookbook-3-image","blocks":{"page-lookbook-3-image-0":{"type":"image","settings":{"link":""}},"page-lookbook-3-image-1":{"type":"image","settings":{"link":""}}},"block_order":["page-lookbook-3-image-0","page-lookbook-3-image-1"],"settings":{"show":false,"full_width":false,"padding":true,"scale_image":true,"aspect_ratio":1}},"page-lookbook-3-text":{"type":"page-lookbook-3-text","blocks":{"a86c9746-f08b-42e8-9160-a0423e203354":{"type":"text","settings":{"title":"","text":"","text_align":"align--top-left","width_desktop":"auto","width_mobile":"auto"}}},"block_order":["a86c9746-f08b-42e8-9160-a0423e203354"],"settings":{"show":false}},"page-faq-2":{"type":"page-faq-2","blocks":{"c7e4da14-962c-46ae-a8dc-93ba9620fe88":{"type":"text","settings":{"title":"ALMONDS - SPERRY FARMS","content":"<p><a href=\"http:\/\/www.sperryfarmsalmonds.com\/who-we-are\/\" target=\"_blank\" title=\"http:\/\/www.sperryfarmsalmonds.com\/who-we-are\/\"><strong>Sperry Farms<\/strong><\/a> is a family run almond ranch, located in the Northern San Joaquin Valley. For over 40 years, they have strived to bring high quality almonds to the marketplace, while maintaining a deep respect for both the employees that work their fields and for the land they are so privileged to farm.<\/p>"}},"page-faq-2-0":{"type":"text","settings":{"title":"CASHEWS - UMANO","content":"<p>Did you know that cashew nuts go through about a dozen mostly manual steps prior to being ready for consumption? This elaborate process includes drying, pulping, roasting, shelling, peeling and sorting. So much of this work is carried out manually and deserves adequate compensation. Unfortunately, nearly all the cashews we consume offer no such guarantee.<strong> <\/strong><\/p><p><a href=\"https:\/\/umano.ca\/\" title=\"https:\/\/umano.ca\/\" target=\"_blank\"><strong>Umano<\/strong><\/a> works directly with the Kenedougou Agricultural Cooperative (Coopake) in Burkina Faso. People employed by the cooperative work in safe conditions and are paid according to the country’s legal standards. What’s more, Fair trade certification requires that workers coat their hands in vegetable oil prior to hulling the nuts in order to prevent burns caused by the acid they contain.This technique, combined with preheating followed by 24 hours of cooling the in-shell nuts, ensures that the acid does not lead to injuries.<\/p>"}},"1317b52a-dda5-49e0-8622-0e5446e50d5c":{"type":"text","settings":{"title":"COFFEE - DISPATCH COFFEE","content":"<p><a href=\"https:\/\/dispatchcoffee.ca\/\" target=\"_blank\" title=\"https:\/\/dispatchcoffee.ca\/\"><strong>Dispatch Coffee<\/strong><\/a> is on a mission to create access to a delicious cup of coffee that does no harm. Coffee is the 6th highest carbon emission food in the world, and millions of coffee farmers fail to earn incomes that cover their costs of production. Dispatch built their supply chain from the ground up considering their impacts on people and the planet. Their coffee beans are freshly roasted in Montreal.<\/p>"}},"2d590808-5e10-4dd0-a433-4b6148d571e9":{"type":"text","settings":{"title":"CHOCOLATE - CAMINO","content":"<p><a href=\"https:\/\/camino.ca\/\" target=\"_blank\" title=\"https:\/\/camino.ca\/\"><strong>Camino<\/strong><\/a> is a Canadian brand of fair trade and organic food products, owned by La Siembra Co-operative. La Siembra became the first registered importers of Fair trade Certified cocoa and sugar in North America. They work closely, and where possible, directly, with their partner co-operatives of family farmers to ensure transparency, respect and fairness in the supply chain.<\/p>"}},"ae986f6d-2bf8-45f2-a3cc-acd353487f67":{"type":"text","settings":{"title":"OILS (COCONUT AND OLIVE) - MAISON ORPHÉE","content":"<p><a href=\"https:\/\/maisonorphee.com\/?lang=en\" target=\"_blank\" title=\"https:\/\/maisonorphee.com\/?lang=en\"><strong>Maison Orphée<\/strong><\/a><strong> <\/strong>specializes in the production of first cold-pressed oils. This process implies no preheating. The pressing of the seeds is done at a temperature which varies according to the oil content in the seeds and the hardness of the seeds. In addition, they have been working in collaboration with producers in Europe and North and South America to find the best products.<\/p>"}},"762cb76f-8e02-4803-8a90-1de940d836f9":{"type":"text","settings":{"title":"PEANUTS - ALGRANO PEANUT SHELLING","content":"<p>Our organic peanuts are sourced from a group of 10 farmers in Yoakum County, Texas. We opted for the Runner variety, which in addition to having a rich nutty flavour, is also the most common variety used in peanut butters.<\/p>"}},"page-faq-2-1":{"type":"text","settings":{"title":"PECANS - TAYLOR PECAN CO","content":"<p><a href=\"https:\/\/www.taylorpecanco.com\/\" title=\"https:\/\/www.taylorpecanco.com\/\" target=\"_blank\"><strong>Taylor Pecan Co<\/strong><\/a>. Is a family grown farm located in North Carolina. We first met the Taylor family on a trip to the US in February 2020. During this visit, they shared with us their passion and expertise surrounding the harvest and shelling process of pecans, a process they do themselves on their farm. We fell in love with the unique taste and freshness of their pecans, which in addition to enhancing the taste of our products, offer a guarantee of traceability.<\/p>"}},"28ff1498-bf42-4485-8be1-49fecf20d6aa":{"type":"text","settings":{"title":"PEPPERS (CHIPOTLE AND PAPRIKA) - JARDINS TERRA TERRE","content":"<p>Jardins Terra Terre is a small scale farm located in Saguenay that specializes in the production and transformation of hot peppers, all certified organic. <\/p>"}},"a8f57cad-fb19-4504-8631-097cfd403914":{"type":"text","settings":{"title":"PURE VANILLA BEAN POWDER - AUST & HACHMANN","content":"<p><a href=\"https:\/\/www.austhachcanada.com\/\" title=\"https:\/\/www.austhachcanada.com\/\" target=\"_blank\"><strong>Aust &amp; Hachmann<\/strong><\/a> is a dedicated vanilla company dealing only in natural vanilla beans and their by-products.  They put quality at the very top of their list of basic requirements for all vanilla they purchase. With regional partnerships in Madagascar, Uganda, Comoros and Indonesia they are always in tune with what is happening in the vanilla trade.<\/p>"}},"page-faq-2-2":{"type":"text","settings":{"title":"MAPLE SUGAR - FERME ST-OURS","content":"<p><a href=\"http:\/\/www.fermestours.ca\/accueil\" target=\"_blank\" title=\"http:\/\/www.fermestours.ca\/accueil\">Ferme St-Ours<\/a> is a 7th generation family farm. The maple grove has always been an important gathering place for the family. Innovative and aiming for a healthy and sustainable environment for future generations, Ferme St-Ours began organic eggs production in 2000. They also built an organic feed mill to ensure quality feed for their pullets and layers. In 2010, they transitioned their 5,800 taps to organic production. Since then, they have always sought to improve their working and production methods, for the well-being of their team, their birds, and their trees!<\/p>"}},"77c8abee-9a16-4e3b-985a-78625236f871":{"type":"text","settings":{"title":"SEA SALT - VANCOUVER ISLAND SEA SALT","content":"<p>Vancouver Island Sea Salt (VISS) isn’t just any sea salt—it’s unrefined, pure, and packed with over 40 essential minerals straight from the pristine waters of the Canadian Pacific! Sustainability is at the core of everything they do, and they take great pride in utilizing every drop of seawater they collect. Crafted with care on their 400-acre farm, they let nature do the hard work: fast currents churn up essential minerals, while their rocky shoreline keeps the water clean and clear of sand or clay. The result? A sea salt so pure, you can see and taste the difference!<\/p>"}},"f2d49e24-7eda-446b-b389-67ce86e4bc1f":{"type":"text","settings":{"title":"SPICES - ÉPICES DE CRU","content":"<p><a href=\"https:\/\/epicesdecru.com\/\" title=\"https:\/\/epicesdecru.com\/\" target=\"_blank\"><strong>Épices de Cru<\/strong><\/a> is a family-owned tea and spice company based in Montreal. Their goal is to provide only the highest quality whole spices and loose leaf teas, made with respect to the traditions of producers. Ethné and Philippe founded Épices de Cru in 1995 following a trip to Grenada, where they were charmed by the richness of the aromas and spices found there. Since then, they have travelled the world to bring back the best spices. The name &quot;épices de cru&quot; refers to a spice that comes from an exceptional terroir, renowned for the quality of its production.<\/p>"}},"df157172-a684-42a8-9e29-d92f1b4e429d":{"type":"text","settings":{"title":"TART CHERRIES - UNIFRUITS","content":"<p>3rd generation family business located in St-Paul d'Abbotsford, <a href=\"https:\/\/www.unifruits.ca\/en\" target=\"_blank\" title=\"https:\/\/www.unifruits.ca\/en\"><strong>Unifruits<\/strong><\/a> is among the only ones in Quebec to produce, process and distribute tart dried cherries.<\/p>"}}},"block_order":["c7e4da14-962c-46ae-a8dc-93ba9620fe88","page-faq-2-0","1317b52a-dda5-49e0-8622-0e5446e50d5c","2d590808-5e10-4dd0-a433-4b6148d571e9","ae986f6d-2bf8-45f2-a3cc-acd353487f67","762cb76f-8e02-4803-8a90-1de940d836f9","page-faq-2-1","28ff1498-bf42-4485-8be1-49fecf20d6aa","a8f57cad-fb19-4504-8631-097cfd403914","page-faq-2-2","77c8abee-9a16-4e3b-985a-78625236f871","f2d49e24-7eda-446b-b389-67ce86e4bc1f","df157172-a684-42a8-9e29-d92f1b4e429d"],"settings":{"title":""}},"page-faq-3":{"type":"page-faq-3","blocks":{"27f7f337-a72a-4bfa-a353-6e9e98d99206":{"type":"text","settings":{"title":"ABITIBI TÉMISCAMINGUE","content":"<p><strong>La Semence<\/strong> | Rouyn-Noranda  | <a href=\"https:\/\/www.facebook.com\/lasemencealimentationsaine\/?locale=fr_CA\" target=\"_blank\" title=\"https:\/\/www.facebook.com\/lasemencealimentationsaine\/?locale=fr_CA\"><strong>website<\/strong><\/a><\/p>"}},"f84c1c31-99b5-45f3-875c-ff77628d922a":{"type":"text","settings":{"title":"ALBERTA","content":"<p><strong>BRIE & BANQUET<\/strong> | Calgary | <a href=\"https:\/\/www.brieandbanquet.com\/\" target=\"_blank\" title=\"https:\/\/www.brieandbanquet.com\/\"><strong>website<\/strong><\/a><\/p><p><strong>LE FOURNIL BAKERY<\/strong> | Canmore | <a href=\"https:\/\/fournil.ca\/\" target=\"_blank\" title=\"https:\/\/fournil.ca\/\"><strong>website<\/strong><\/a><\/p><p><strong>LUKES DRUG MART<\/strong> | Calgary | <a href=\"https:\/\/www.lukesdrugmart.com\" target=\"_blank\" title=\"https:\/\/www.lukesdrugmart.com\"><strong>website<\/strong><\/a><\/p><p><strong>MONDAYS PLANT CAFE<\/strong> | Calgary | <a href=\"https:\/\/www.mondaysplantcafe.com\/\" target=\"_blank\" title=\"https:\/\/www.mondaysplantcafe.com\/\"><strong>website<\/strong><\/a><\/p><p><strong>OUR DAILY BRETT<\/strong> | Calgary | <a href=\"https:\/\/www.ourdailybrett.com\/\" target=\"_blank\" title=\"https:\/\/www.ourdailybrett.com\/\"><strong>website<\/strong><\/a><\/p><p><strong>PECKISH CHARCUTERIE<\/strong> | Cold Lake | <a href=\"https:\/\/www.facebook.com\/peckish.charcuterie\/\" target=\"_blank\" title=\"https:\/\/www.facebook.com\/peckish.charcuterie\/\"><strong>website<\/strong><\/a><\/p><p><strong>SILLA DESIGNS<\/strong> | Calgary | <a href=\"https:\/\/silladesigns.com\/\" target=\"_blank\" title=\"https:\/\/silladesigns.com\/\"><strong>website<\/strong><\/a><\/p>"}},"page-faq-3-0":{"type":"text","settings":{"title":"BAS-SAINT-LAURENT","content":"<p><strong>LE COMPTOIR GOURMAND KAMOURASKA <\/strong>| Kamouraska |<a href=\"https:\/\/www.comptoirkamouraska.com\/?fbclid=IwAR0UDSstzb0h06EoyanLgIZjcF11QPQSsJ-_jD8nBicEh3CXpOMONepCTCM\" target=\"_blank\" title=\"https:\/\/www.comptoirkamouraska.com\/?fbclid=IwAR0UDSstzb0h06EoyanLgIZjcF11QPQSsJ-_jD8nBicEh3CXpOMONepCTCM\"><strong> website<\/strong><\/a><\/p><p><strong>LE JARDIN DU BEDEAU <\/strong>| Kamouraska |<a href=\"https:\/\/www.facebook.com\/jardindubedeau\/\" target=\"_blank\" title=\"https:\/\/www.facebook.com\/jardindubedeau\/\"><strong> website<\/strong><\/a><\/p><p><strong>STATION HOUBLON <\/strong>| Rivière-du-Loup |<strong> <\/strong><a href=\"https:\/\/stationhoublon.ca\/\" target=\"_blank\" title=\"https:\/\/stationhoublon.ca\/\"><strong>website<\/strong><\/a><\/p>"}},"fd9ecf9a-eb65-446f-a5b0-7b4b85877b24":{"type":"text","settings":{"title":"BRITISH COLUMBIA","content":"<p><strong>LEPP FARM MARKET<\/strong> | Abbotsford | <a href=\"https:\/\/www.leppfarmmarket.com\/\" target=\"_blank\" title=\"https:\/\/www.leppfarmmarket.com\/\"><strong>website<\/strong><\/a><\/p><p><strong>SPENT GROUNDS COFFEE ROASTERS<\/strong> | Surrey | <a href=\"https:\/\/spentgroundscoffeeroasters.ca\/\" target=\"_blank\" title=\"https:\/\/spentgroundscoffeeroasters.ca\/\"><strong>website<\/strong><\/a><\/p><p><strong>THE DAILY MARKET<\/strong> | Abbotsford | <a href=\"https:\/\/thedailymarket.ca\/\" target=\"_blank\" title=\"https:\/\/thedailymarket.ca\/\"><strong>website<\/strong><\/a><\/p><p><strong>THE MODERN PANTRY<\/strong> | Vancouver | <a href=\"http:\/\/themodernpantry.ca\" target=\"_blank\" title=\"http:\/\/themodernpantry.ca\"><strong>website<\/strong><\/a><\/p>"}},"9868d88b-ed5b-428a-ac3e-5d9019d0d808":{"type":"text","settings":{"title":"CENTRE-DU-QUÉBEC","content":"<p><strong>ROSE DRUMMOND <\/strong>| Drummondville | <a href=\"https:\/\/www.rose.ca\/\" target=\"_blank\" title=\"https:\/\/www.rose.ca\/\"><strong>website<\/strong><\/a><\/p>"}},"page-faq-3-1":{"type":"text","settings":{"title":"EASTERN TOWNSHIPS","content":"<p><strong>CAFÉ BOWEN<\/strong> | Orford | <a href=\"https:\/\/www.bowencafe.com\/\" target=\"_blank\" title=\"https:\/\/www.bowencafe.com\/\"><strong>website<\/strong><\/a><\/p><p><strong>HAUS MODE MAISON<\/strong> | Sherbrooke | <a href=\"https:\/\/hausmodemaison.com\/\" target=\"_blank\" title=\"https:\/\/hausmodemaison.com\/\"><strong>website<\/strong><\/a><\/p><p><strong>LA RUMEUR AFFAMÉE <\/strong>| Frelighsburg and Sutton | <a href=\"https:\/\/www.facebook.com\/rumeursutton\" target=\"_blank\" title=\"https:\/\/www.facebook.com\/rumeursutton\"><strong>website<\/strong><\/a><\/p><p><strong>PÂTISSERIE CHEZ DORVILLE<\/strong> | Eastman | <a href=\"https:\/\/www.patisseriedorville.ca\/\" target=\"_blank\" title=\"https:\/\/www.patisseriedorville.ca\/\"><strong>website<\/strong><\/a><\/p>"}},"46c9f773-3b55-4c56-baf0-ad031edb20f6":{"type":"text","settings":{"title":"GASPÉSIE  - ILES-DE-LA-MADELEINE","content":"<p><strong>ALCYON <\/strong>| Havre-aux-Maisons | <a href=\"https:\/\/www.alcyonsel.com\/\" target=\"_blank\" title=\"https:\/\/www.alcyonsel.com\/\"><strong>website<\/strong><\/a><\/p><p><strong>ALEXINA ÉPICERIE FINE<\/strong> | Grande-Rivière | <a href=\"http:\/\/alexina.ca\/\" target=\"_blank\" title=\"http:\/\/alexina.ca\/\"><strong>website<\/strong><\/a><\/p><p><strong>BOUCHERIE SPÉCIALISÉE CÔTE À CÔTE<\/strong> | Cap-aux-Meules | <a href=\"https:\/\/www.boucheriecoteacote.ca\/\" target=\"_blank\" title=\"https:\/\/www.boucheriecoteacote.ca\/\"><strong>website<\/strong><\/a><\/p>"}},"page-faq-3-2":{"type":"text","settings":{"title":"LANAUDIERE – LAURENTIANS – LAVAL","content":"<p><strong>83 NORD <\/strong>| Mont-Tremblant | <a href=\"https:\/\/www.83nord.ca\/\" target=\"_blank\" title=\"https:\/\/www.83nord.ca\/\"><strong>website<\/strong><\/a><\/p><p><strong>AU JARDIN DES NOIX <\/strong>| Saint-Ambroise-de-Kildare | <a href=\"https:\/\/www.aujardindesnoix.com\/\" target=\"_blank\" title=\"https:\/\/www.aujardindesnoix.com\/\"><strong>website<\/strong><\/a><\/p><p><strong>BOULANGERIE SAINT-VIATEUR <\/strong>| Joliette | <a href=\"https:\/\/www.facebook.com\/Boulangerie-St-Viateur-Joliette-462531580522879\/\" target=\"_blank\" title=\"https:\/\/www.facebook.com\/Boulangerie-St-Viateur-Joliette-462531580522879\/\"><strong>website<\/strong><\/a><\/p><p><strong>CAFÉ LE MASKWA <\/strong>| Mascouche | <a href=\"http:\/\/lemaskwa.com\/?utm_source=gmb&utm_medium=referral\" target=\"_blank\" title=\"http:\/\/lemaskwa.com\/?utm_source=gmb&utm_medium=referral\"><strong>website<\/strong><\/a><\/p><p><strong>CHEZ HIPPOLYTE CAFÉ & BOUTIQUE <\/strong>| Saint-Hippolyte | <a href=\"https:\/\/chezhippolyte.ca\/\" target=\"_blank\" title=\"https:\/\/chezhippolyte.ca\/\"><strong>website<\/strong><\/a><\/p><p><strong>CHOCO CHOCOLAT <\/strong>| Joliette | <a href=\"https:\/\/chocochocolat.ca\/\" target=\"_blank\" title=\"https:\/\/chocochocolat.ca\/\"><strong>website<\/strong><\/a><\/p><p><strong>ESPACE ROUGE PIN <\/strong>| Val-David | <a href=\"https:\/\/rougepin.ca\/\" target=\"_blank\"><strong>website<\/strong><\/a><\/p><p><strong>L'ASSIETTE DORÉE<\/strong> | Saint-Eustache | <a href=\"https:\/\/lassiettedoree.com\/\" target=\"_blank\" title=\"https:\/\/lassiettedoree.com\/\"><strong>website<\/strong><\/a><\/p><p><strong>LA GRIGNE<\/strong> | Joliette | <a href=\"https:\/\/www.grigne.ca\/\" target=\"_blank\" title=\"https:\/\/www.grigne.ca\/\"><strong>website<\/strong><\/a><\/p><p><strong>LA STATION ORGANIQUE<\/strong> | Bois-des-Filion | <a href=\"http:\/\/www.lastationorganique.com\/\" target=\"_blank\"><strong>website<\/strong><\/a><\/p><p><strong>LE PETIT DEP CARREFOUR LAVAL<\/strong> | Laval | <a href=\"https:\/\/www.cfshops.com\/carrefour-laval\/stores\/store.le-petit-depcoming-soon.A004A.html\" target=\"_blank\" title=\"https:\/\/www.cfshops.com\/carrefour-laval\/stores\/store.le-petit-depcoming-soon.A004A.html\"><strong>website<\/strong><\/a><\/p><p><strong>LE TAMELIER BOULANGERIE<\/strong> | Blainville | <a href=\"https:\/\/www.facebook.com\/LeTamelierboulangerie\/\" target=\"_blank\" title=\"https:\/\/www.facebook.com\/LeTamelierboulangerie\/\"><strong>website<\/strong><\/a><\/p><p><strong>LES MINETTES<\/strong> | Laval | <a href=\"https:\/\/lesminettes.ca\/\" target=\"_blank\" title=\"https:\/\/lesminettes.ca\/\"><strong>website<\/strong><\/a><\/p><p><strong>MAISON TRIKA<\/strong> | Repentigny | <a href=\"https:\/\/www.maisontrika.com\/\" target=\"_blank\"><strong>website<\/strong><\/a><\/p><p><strong>NORDIK CAFÉ<\/strong> | Blainville | <a href=\"https:\/\/www.nordikcafe.ca\" target=\"_blank\" title=\"https:\/\/www.nordikcafe.ca\"><strong>website<\/strong><\/a><\/p>"}},"a629ef1e-9b53-40b3-90f2-ae710ab46aad":{"type":"text","settings":{"title":"MANITOBA","content":"<p><strong>MOTTOLA GROCERY<\/strong> | Winnipeg | <a href=\"https:\/\/mottolagrocery.com\" target=\"_blank\" title=\"https:\/\/mottolagrocery.com\"><strong>website<\/strong><\/a><\/p>"}},"8cc12442-d4f1-4368-8cdc-ebeb21cd6d26":{"type":"text","settings":{"title":"MAURICIE","content":"<p><strong>JULES FROMAGES & CONVIVES<\/strong> | Shawinigan | <a href=\"https:\/\/www.facebook.com\/Jules-fromages-convives-104431194761545\/\" target=\"_blank\" title=\"https:\/\/www.facebook.com\/Jules-fromages-convives-104431194761545\/\"><strong>website<\/strong><\/a><\/p><p><strong>MARCHÉ NOTRE-DAME<\/strong> | Trois-Rivières | <a href=\"http:\/\/marchenotredame.com\/\" target=\"_blank\"><strong>website<\/strong><\/a><\/p><p><strong>RESTAURANT LE BOKÉ<\/strong> | La Tuque | <a href=\"https:\/\/leboke.ca\/\" target=\"_blank\"><strong>website<\/strong><\/a><\/p>"}},"4b0f1589-fa41-4c32-aeca-a17f48f974c4":{"type":"text","settings":{"title":"MONTÉRÉGIE","content":"<p><strong>AUTOUR DE LA TABLE<\/strong> | Saint-Jean-sur-Richelieu | <a href=\"http:\/\/www.autourdelatable.ca\/\" target=\"_blank\"><strong>website<\/strong><\/a><\/p><p><strong>BOUTIQUE DANIEL ST-ONGE<\/strong> | Salaberry-de-Valleyfield | <a href=\"https:\/\/www.instagram.com\/boutiquedanielstonge\/\" target=\"_blank\"><strong>website<\/strong><\/a><\/p><p><strong>CAFÉ L'APOSTROPHE<\/strong> | Delson | <a href=\"https:\/\/cafelapostrophe.com\/\" target=\"_blank\" title=\"https:\/\/cafelapostrophe.com\/\"><strong>website<\/strong><\/a><\/p><p><strong>CAFÉ SANS FILTRE \/ CAKE ATOM<\/strong> | Sainte-Julie | <a href=\"https:\/\/cafesansfiltre.ca\/\" target=\"_blank\"><strong>website<\/strong><\/a><\/p><p><strong>CIDRERIE MILTON<\/strong> | Sainte-Cécile-de-Milton | <a href=\"https:\/\/cidreriemilton.com\/\" target=\"_blank\" title=\"https:\/\/cidreriemilton.com\/\"><strong>website<\/strong><\/a><\/p><p><strong>CHEZ CHEVAL<\/strong> | Mont-Saint-Hilaire | <a href=\"https:\/\/www.facebook.com\/Chez-Cheval-2382758315303296\/\" target=\"_blank\" title=\"https:\/\/www.facebook.com\/Chez-Cheval-2382758315303296\/\"><strong>website<\/strong><\/a><\/p><p><strong>CHEZ NOUS CHEZ VOUS<\/strong> | Saint-Lambert | <a href=\"https:\/\/cncv.ca\/en\/\" target=\"_blank\"><strong>website<\/strong><\/a> <\/p><p><strong>FROMAGERIE RUBAN BLEU<\/strong> | Châteauguay | <a href=\"https:\/\/fromagerierubanbleu.square.site\/\" target=\"_blank\"><strong>website<\/strong><\/a><\/p><p><strong>LA FERME QUINN<\/strong> | Notre-Dame-de-l'île-Perrot | <a href=\"https:\/\/www.quinnfarm.qc.ca\/\" target=\"_blank\" title=\"https:\/\/www.quinnfarm.qc.ca\/\"><strong>website<\/strong><\/a><\/p><p><strong>LA GRANGE À HOUBLON<\/strong> | Sorel-Tracy | <a href=\"https:\/\/lagrangeahoublon.ciblelocale.ca\/\" target=\"_blank\"><strong>website<\/strong><\/a><\/p>"}},"448727a1-b6d4-47c9-a21c-2b9e8c352496":{"type":"text","settings":{"title":"MONTÉRÉGIE (MORE)","content":"<p><strong>LE PURGATOIRE<\/strong> | Châteauguay | <a href=\"http:\/\/www.eau-vive.ca\/\" target=\"_blank\"><strong>website<\/strong><\/a><\/p><p><strong>LES ALIMENTS NATURELS L’EAU VIVE<\/strong> | Mont-Saint-Hilaire | <a href=\"http:\/\/www.eau-vive.ca\/\" target=\"_blank\"><strong>website<\/strong><\/a><\/p><p><strong>LES JACASSEUSES<\/strong> | Châteauguay | <a href=\"https:\/\/www.facebook.com\/lesjacasseuses\/\" target=\"_blank\" title=\"https:\/\/www.facebook.com\/lesjacasseuses\/\"><strong>website<\/strong><\/a><\/p><p><strong>LILY GOURMANDE<\/strong> | Contrecoeur | <a href=\"https:\/\/www.facebook.com\/LilyGourmandeCafe\/\" target=\"_blank\" title=\"https:\/\/www.facebook.com\/LilyGourmandeCafe\/\"><strong>website<\/strong><\/a><\/p><p><strong>MIKKO ESPRESSO BOUTIQUE<\/strong> | Hudson | <a href=\"https:\/\/mikkoespressoboutique.ca\/\" target=\"_blank\"><strong>website<\/strong><\/a><\/p><p><strong>ORANGE COCO LA VIE EN VRAC<\/strong> | Granby | <a href=\"https:\/\/www.orangecoco.ca\/\" target=\"_blank\" title=\"https:\/\/www.orangecoco.ca\/\"><strong>website<\/strong><\/a><\/p><p><strong>SI PETIT SOIT-IL <\/strong>| Bromont | <a href=\"https:\/\/www.facebook.com\/Si-petit-soit-il-772792992805091\/\" target=\"_blank\" title=\"https:\/\/www.facebook.com\/Si-petit-soit-il-772792992805091\/\"><strong>website<\/strong><\/a><\/p>"}},"f0e3554b-c96d-4b51-b464-345bc713b443":{"type":"text","settings":{"title":"MONTREAL","content":"<p><strong>ARHOMA (BOUTIQUE & FABRIQUE)<\/strong> | Montreal | <a href=\"http:\/\/arhoma.ca\/accueil\" target=\"_blank\" title=\"Arhoma\"><strong>website<\/strong><\/a><\/p><p><strong>AUX P'TITS BOCAUX<\/strong> | Montreal | <a href=\"https:\/\/auxptitsbocaux.ca\/fr\/\" target=\"_blank\" title=\"https:\/\/auxptitsbocaux.ca\/fr\/\"><strong>website<\/strong><\/a><\/p><p><strong>BASTA<\/strong> | Montreal | <a href=\"https:\/\/www.epiceriebasta.com\/\" target=\"_blank\" title=\"https:\/\/www.epiceriebasta.com\/\"><strong>website<\/strong><\/a><\/p><p><strong>BOUCHERIE LAWRENCE<\/strong> | Montreal | <a href=\"https:\/\/lawrencemtl.com\/boucherie\/\" target=\"_blank\" title=\"Lawrence\"><strong>website<\/strong><\/a><\/p><p><strong>BOULANGERIE JARRY<\/strong> | Montreal | <a href=\"https:\/\/boulangeriejarry.com\/\" target=\"_blank\" title=\"https:\/\/boulangeriejarry.com\/\"><strong>website<\/strong><\/a><\/p><p><strong>CAFÉ REINE GARÇON <\/strong>| Montreal | <a href=\"https:\/\/en.cafereinegarcon.ca\/\" target=\"_blank\" title=\"https:\/\/en.cafereinegarcon.ca\/\"><strong>website<\/strong><\/a><\/p><p><strong>CHEZ ROBIN<\/strong> | Montreal | <a href=\"http:\/\/www.chezrobin.com\/\" target=\"_blank\" title=\"Chez Robin\"><strong>website<\/strong><\/a><\/p><p><strong>DINETTE NATIONALE<\/strong> | Montreal | <a href=\"http:\/\/www.dinettenationale.com\/home\" target=\"_blank\" title=\"dinette nationale\"><strong>website<\/strong><\/a><\/p><p><strong>ÉPICERIE CONSERVA<\/strong> | Montreal | <a href=\"https:\/\/epicerie-conserva.business.site\/\" target=\"_blank\" title=\"Épicerie Conserva\"><strong>website<\/strong><\/a><\/p><p><strong>ÉPICERIE LES RÉCOLTES<\/strong> | Montreal | <a href=\"http:\/\/www.lesrecoltes.com\/\" target=\"_blank\" title=\"Épicerie les récoltes\"><strong>website<\/strong><\/a><\/p><p><strong>GUILLAUME<\/strong> | Montreal | <a href=\"https:\/\/en.guillau.me\/\" target=\"_blank\" title=\"Guillaume\"><strong>website<\/strong><\/a><\/p><p><strong>IGA BARCELO MOLSON<\/strong> | Montreal | <a href=\"https:\/\/www.facebook.com\/IGABarceloMolson\/?hc_ref=ARQzWZnNdJ30zpwutiChw0JwOmnMb2zCpP_HcENMk16CuM7WBDdUMHT-5BWNdNj91qs&fref=nf\" target=\"_blank\" title=\"IGA\"><strong>website<\/strong><\/a><\/p><p><strong>L'AVANT-GOÛT<\/strong> | Montreal | <a href=\"https:\/\/lavantgout.ca\/\" target=\"_blank\" title=\"https:\/\/lavantgout.ca\/\"><strong>website<\/strong><\/a><\/p>"}},"b0fbd64f-71e8-4953-b158-c916ab3d2fbf":{"type":"text","settings":{"title":"MONTREAL (MORE)","content":"<p><strong>LA BÊTE À PAIN (FLEURY)<\/strong> | Montreal | <a href=\"https:\/\/labeteapain.com\/\" target=\"_blank\" title=\"https:\/\/labeteapain.com\/\"><strong>website<\/strong><\/a><\/p><p><strong>LE FOUVRAC<\/strong> | Montreal | <a href=\"https:\/\/www.facebook.com\/lefouvrac\/\" target=\"_blank\" title=\"Fouvrac\"><strong>website<\/strong><\/a><\/p><p><strong>LE FRIGO DE BACCHUS<\/strong> | Montreal | <a href=\"https:\/\/www.facebook.com\/lefrigodebacchus\/\" target=\"_blank\" title=\"Frigo de bacchus\"><strong>website<\/strong><\/a><\/p><p><strong>LE FRIGO DES DIEUX<\/strong> | Pointes-aux-Trembles | <a href=\"https:\/\/lefrigodesdieux.com\/fr\/\" target=\"_blank\" title=\"frigo des dieux\"><strong>website<\/strong><\/a><\/p><p><strong>LE MARCHÉ DES SAVEURS DU QUÉBEC<\/strong> | Montreal | <a href=\"http:\/\/www.lemarchedessaveurs.com\/fr\/\" target=\"_blank\" title=\"http:\/\/www.lemarchedessaveurs.com\/fr\/\"><strong>website<\/strong><\/a><\/p><p><strong>LE PETIT DEP (ST-PAUL, ST-SULPICE, GRIFFINTOWN)<\/strong> | Montreal | <a href=\"https:\/\/lepetitdep.ca\/en\/\" target=\"_blank\" title=\"https:\/\/lepetitdep.ca\/en\/\"><strong>website<\/strong><\/a><\/p><p><strong>LES DÉLICES D'ICI<\/strong> | Lasalle | <a href=\"https:\/\/www.facebook.com\/Les-D%C3%A9lices-dici-100229005476800\" target=\"_blank\" title=\"https:\/\/www.facebook.com\/Les-D%C3%A9lices-dici-100229005476800\"><strong>website<\/strong><\/a><\/p><p><strong>LES DOUCEURS DU MARCHÉ<\/strong> | Montreal | <a href=\"https:\/\/lesdouceursdumarche.ca\" target=\"_blank\" title=\"https:\/\/lesdouceursdumarche.ca\"><strong>website<\/strong><\/a><\/p><p><strong>LES 5 SAISONS GREENE ET BERNARD<\/strong> | Westmount | <a href=\"http:\/\/www.les5saisons.ca\/en\/index.html\" target=\"_blank\" title=\"http:\/\/www.les5saisons.ca\/en\/index.html\"><strong>website<\/strong><\/a><\/p><p><strong>LOVINA CAFÉ ET ÉPICERIE<\/strong> | Montreal | <a href=\"https:\/\/www.facebook.com\/LovinaCafeEpicerie\" target=\"_blank\"><strong>website<\/strong><\/a><\/p><p><strong>MÉTRO WESTMOUNT<\/strong> | Westmount | <a href=\"https:\/\/www.metro.ca\/trouver-une-epicerie\/66\" target=\"_blank\" title=\"https:\/\/www.metro.ca\/trouver-une-epicerie\/66\"><strong>website<\/strong><\/a><\/p><p><strong>MOLLO BOULANGERIE & LAB<\/strong> | Montreal | <a href=\"https:\/\/www.monmollo.com\/\" target=\"_blank\" title=\"https:\/\/www.monmollo.com\/\"><strong>website<\/strong><\/a><\/p><p><strong>MOLLO CAFÉ & GELATO<\/strong> | Montreal | <a href=\"https:\/\/www.monmollo.com\/\" target=\"_blank\" title=\"https:\/\/www.monmollo.com\/\"><strong>website<\/strong><\/a><\/p><p><strong>OLIVES ET CAFÉ NOIR<\/strong> | Montreal | <a href=\"https:\/\/www.facebook.com\/Olives.CafeNoir\/\" target=\"_blank\" title=\"https:\/\/www.facebook.com\/Olives.CafeNoir\/\"><strong>website<\/strong><\/a><\/p><p><strong>PIKO PEPPERS<\/strong> | Montreal | <a href=\"https:\/\/microsauceriepikopeppers.com\/\" target=\"_blank\" title=\"https:\/\/microsauceriepikopeppers.com\/\"><strong>website<\/strong><\/a><\/p><p><strong>RESTAURANT BEAU MONT<\/strong> | Montreal | <a href=\"https:\/\/www.restaurant-beaumont.com\/fr\/\" target=\"_blank\" title=\"https:\/\/www.restaurant-beaumont.com\/fr\/\"><strong>website<\/strong><\/a><\/p><p><strong>SUPER CONDIMENTS<\/strong> | Montreal | <a href=\"https:\/\/www.supercondiments.com\/\" target=\"_blank\" title=\"https:\/\/www.supercondiments.com\/\"><strong>website<\/strong><\/a><\/p><p><strong>SUPER SUPÉRETTE<\/strong> | Ville Emard | <a href=\"https:\/\/www.facebook.com\/supersuperette\/\" target=\"_blank\" title=\"super superette\"><strong>website<\/strong><\/a><\/p>"}},"38c6a0ef-a4bf-4272-a31f-ca84cfdc0c8b":{"type":"text","settings":{"title":"NEW BRUNSWICK","content":"<p><strong>LES COUSINES<\/strong> | Shippagan | <a href=\"https:\/\/www.lescousines.ca\/\" target=\"_blank\" title=\"https:\/\/www.lescousines.ca\/\"><strong>website<\/strong><\/a><\/p>"}},"b78a734b-c596-4cc9-8218-50a67b2fc4c1":{"type":"text","settings":{"title":"NEWFOUNDLAND","content":"<p><strong>NEWFOUNDLAND SALT COMPANY<\/strong> | Bonavista | <a href=\"https:\/\/newfoundlandsaltcompany.com\/\" target=\"_blank\" title=\"https:\/\/newfoundlandsaltcompany.com\/\"><strong>website<\/strong><\/a><\/p>"}},"45e0439c-a99f-436e-9337-adcfbb6937df":{"type":"text","settings":{"title":"NOVA SCOTIA","content":"<p><strong>BIRDIES BREAD CO<\/strong> | Dartmouth | <a href=\"https:\/\/www.birdiesbreadco.com\/\" target=\"_blank\" title=\"https:\/\/www.birdiesbreadco.com\/\"><strong>website<\/strong><\/a><\/p>"}},"ca0284f3-404c-4b3a-bda3-747c2397138a":{"type":"text","settings":{"title":"ONTARIO","content":"<p><strong>BLACKBIRD BAKING CO. <\/strong>| Toronto | <a href=\"https:\/\/blackbirdbakingco.com\/\" target=\"_blank\"><strong>website<\/strong><\/a><\/p><p><strong>CAFE CON LECHE <\/strong>| Toronto | <a href=\"https:\/\/www.facebook.com\/CafeConLecheTO\" target=\"_blank\" title=\"https:\/\/www.facebook.com\/CafeConLecheTO\"><strong>website<\/strong><\/a><\/p><p><strong>CREEDS GENERAL STORE <\/strong>| Toronto | <a href=\"https:\/\/creedsgeneralstore.com\/\" target=\"_blank\" title=\"https:\/\/creedsgeneralstore.com\/\"><strong>website<\/strong><\/a><\/p><p><strong>DARK HORSE ESPRESSO BAR (GEARY AND CANARY LOCATIONS)<\/strong> | Toronto | <a href=\"https:\/\/www.darkhorseespresso.com\/\" target=\"_blank\" title=\"https:\/\/www.darkhorseespresso.com\/\"><strong>website<\/strong><\/a><\/p><p><strong>DAUGHTERS GENERAL STORE<\/strong> | Kingston | <a href=\"https:\/\/www.daughtersgeneralstore.ca\/\" target=\"_blank\" title=\"https:\/\/www.daughtersgeneralstore.ca\/\"><strong>website<\/strong><\/a><\/p><p><strong>DEAR GRAIN<\/strong> | Hamilton and Toronto | <a href=\"https:\/\/deargrain.com\/\" target=\"_blank\" title=\"https:\/\/deargrain.com\/\"><strong>website<\/strong><\/a><\/p><p><strong>DETOUR CAFE <\/strong>| Dundas and Hamilton | <a href=\"https:\/\/detourcoffee.com\/pages\/our-cafe-detour\" target=\"_blank\" title=\"https:\/\/detourcoffee.com\/pages\/our-cafe-detour\"><strong>website<\/strong><\/a><\/p><p><strong>DRAKE COMMISSARY <\/strong>| Toronto | <a href=\"https:\/\/www.thedrake.ca\/drakecommissary\/\" target=\"_blank\" title=\"https:\/\/www.thedrake.ca\/drakecommissary\/\"><strong>website<\/strong><\/a><\/p><p><strong>ELDON'S PANTRY<\/strong>| Ottawa | <a href=\"https:\/\/www.eldons.ca\" target=\"_blank\" title=\"https:\/\/www.eldons.ca\"><strong>website<\/strong><\/a><\/p><p><strong>FIELD OF GREENS <\/strong>| Port Carling | <a href=\"https:\/\/www.fieldofgreensmarket.com\/\" target=\"_blank\" title=\"https:\/\/www.fieldofgreensmarket.com\/\"><strong>website<\/strong><\/a><\/p><p><strong>FORNO CULTURA (BISCOTTERIA, MOCA & QUEEN ST.) <\/strong>| Toronto | <a href=\"https:\/\/fornocultura.com\/\" target=\"_blank\"><strong>website<\/strong><\/a><\/p><p><strong>FRESH CITY FARMS (ALL LOCATIONS) <\/strong>| Toronto | <a href=\"https:\/\/www.freshcityfarms.com\/\" target=\"_blank\" title=\"https:\/\/www.freshcityfarms.com\/\"><strong>website<\/strong><\/a><\/p><p><strong>I DEAL COFFEE (SORAUREN LOCATION) <\/strong>| Toronto | <a href=\"https:\/\/idealcoffee.ca\/\" target=\"_blank\" title=\"https:\/\/idealcoffee.ca\/\"><strong>website<\/strong><\/a><\/p><p><strong>JACOBSONS GOURMET CONCEPTS<\/strong> | Ottawa | <a href=\"https:\/\/jacobsons.ca\/\" target=\"_blank\"><strong>website<\/strong><\/a><\/p><p><strong>LEGACY GREENS <\/strong>| Kitchener | <a href=\"https:\/\/legacygreens.com\/\" target=\"_blank\" title=\"https:\/\/legacygreens.com\/\"><strong>website<\/strong><\/a><\/p>"}},"b51657ba-ca3f-4fcb-aaff-95f596672c8b":{"type":"text","settings":{"title":"ONTARIO (MORE)","content":"<p><strong>LITTLE JO BERRY'S <\/strong>| Ottawa | <a href=\"https:\/\/www.littlejoberrys.com\/\" target=\"_blank\" title=\"https:\/\/www.littlejoberrys.com\/\"><strong>website<\/strong><\/a><\/p><p><strong>MEME'S CAFE <\/strong>| New Hamburg | <a href=\"http:\/\/memescafe.com\/\" target=\"_blank\" title=\"http:\/\/memescafe.com\/\"><strong>website<\/strong><\/a><\/p><p><strong>POPBOX MRKT<\/strong> | Toronto | <a href=\"https:\/\/www.popboxmrkt.com\/\" target=\"_blank\" title=\"https:\/\/www.popboxmrkt.com\/\"><strong>website<\/strong><\/a><\/p><p><strong>PICKLE & MYRRH<\/strong> | Merrickville | <a href=\"https:\/\/www.pickleandmyrrh.com\/\" target=\"_blank\" title=\"https:\/\/www.pickleandmyrrh.com\/\"><strong>website<\/strong><\/a><\/p><p><strong>REPLENISH GENERAL STORE<\/strong> | Aurora | <a href=\"https:\/\/www.replenishgeneralstore.com\/\" target=\"_blank\"><strong>website<\/strong><\/a><\/p><p><strong>SAFEHOUSE ORGANIC GROCER<\/strong> | Toronto | <a href=\"https:\/\/safehouseog.com\/\" target=\"_blank\" title=\"https:\/\/safehouseog.com\/\"><strong>website<\/strong><\/a><\/p><p><strong>SMALL SCALE BREAD<\/strong> | Belleville | <a href=\"https:\/\/smallscalebread.scvr.co\/\" target=\"_blank\" title=\"https:\/\/smallscalebread.scvr.co\/\"><strong>website<\/strong><\/a><\/p><p><strong>THE BLACK WALNUT BAKERY<\/strong> | Cumberland | <a href=\"https:\/\/www.blackwalnutbakery.ca\/\" target=\"_blank\" title=\"https:\/\/www.blackwalnutbakery.ca\/\"><strong>website<\/strong><\/a><\/p><p><strong>THE HEALTHY BUTCHER<\/strong> | Toronto | <a href=\"https:\/\/thehealthybutcher.com\/\" target=\"_blank\" title=\"https:\/\/thehealthybutcher.com\/\"><strong>website<\/strong><\/a><\/p><p><strong>THE MERCANTILE<\/strong> | Toronto | <a href=\"https:\/\/themercantile.ca\/\" target=\"_blank\" title=\"https:\/\/themercantile.ca\/\"><strong>website<\/strong><\/a><\/p>"}},"f5b258b0-013e-4c1b-a7bf-8e71aab13ec5":{"type":"text","settings":{"title":"PRINCE EDWARD ISLAND","content":"<p><strong>SAMUEL'S COFFEE HOUSE<\/strong> | Summerside | <a href=\"https:\/\/samuelscoffeehouse.ca\/\" target=\"_blank\" title=\"https:\/\/samuelscoffeehouse.ca\/\"><strong>website<\/strong><\/a><\/p>"}},"5cddee54-a93c-411b-9346-22f453c4e410":{"type":"text","settings":{"title":"QUEBEC AND SURROUNDINGS","content":"<p><strong>FERME LANGLOIS ET FILS<\/strong> | Neuville | <a href=\"https:\/\/www.facebook.com\/FermeLangloisEtFilsChezMede\/\" target=\"_blank\" title=\"https:\/\/www.facebook.com\/FermeLangloisEtFilsChezMede\/\"><strong>website<\/strong><\/a><\/p><p><strong>LA MIDINETTE<\/strong> | Quebec | <a href=\"https:\/\/www.facebook.com\/La-Midinette-116846441016295\" target=\"_blank\" title=\"https:\/\/www.facebook.com\/La-Midinette-116846441016295\"><strong>website<\/strong><\/a><\/p><p><strong>LA RÉCOLTE (CARTIER & LIMOILOU)<\/strong> | Quebec | <a href=\"https:\/\/larecolteenvrac.com\" target=\"_blank\" title=\"https:\/\/larecolteenvrac.com\"><strong>website<\/strong><\/a><\/p><p><strong>LES BOTANISTES<\/strong> | Quebec | <a href=\"https:\/\/lesbotanistes.ca\/\" target=\"_blank\" title=\"https:\/\/lesbotanistes.ca\/\"><strong>website<\/strong><\/a><\/p><p><strong>L’ESCARGOT GOURMAND<\/strong> | Quebec | <a href=\"https:\/\/www.lescargotgourmand.com\/\" target=\"_blank\"><strong>website<\/strong><\/a><\/p><p><strong>PAPILLOTE ET CIE <\/strong>| Quebec | <a href=\"http:\/\/papilloteetcie.ca\/en\/\" target=\"_blank\" title=\"http:\/\/papilloteetcie.ca\/en\/\"><strong>website<\/strong><\/a><\/p>"}},"c13162ee-ba17-499e-a212-ba350968631f":{"type":"text","settings":{"title":"RIMOUSKI","content":"<p><strong>LA BOUTIQUE PAR FANNY <\/strong>| Rimouski | <a href=\"https:\/\/www.laboutiqueparfanny.com\/\" target=\"_blank\"><strong>website<\/strong><\/a><\/p>"}},"1fd8d12e-9fea-454c-ba76-f293c61f8fda":{"type":"text","settings":{"title":"SAGUENAY LAC SAINT-JEAN","content":"<p><strong>BOULANGERIE MÉDARD<\/strong> | Saint-Gédéon | <a href=\"https:\/\/fromageriemedard.ca\/\" target=\"_blank\" title=\"https:\/\/fromageriemedard.ca\/\"><strong>website<\/strong><\/a><\/p><p><strong>CHARCUTERIE DE LA GARE<\/strong> | Chicoutimi | <a href=\"https:\/\/www.charcuteriedelagare.com\/\" target=\"_blank\" title=\"https:\/\/www.charcuteriedelagare.com\/\"><strong>website<\/strong><\/a><\/p>"}},"7428a003-6699-4044-adf5-865fffd010f0":{"type":"text","settings":{"title":"ONLINE STORES","content":"<p><a href=\"https:\/\/www.chefcookit.com\/\" target=\"_blank\" title=\"https:\/\/www.chefcookit.com\/\"><strong>COOK IT<\/strong><\/a> I Montreal <\/p><p><a href=\"https:\/\/cordialgiftco.com\/\" target=\"_blank\" title=\"https:\/\/cordialgiftco.com\/\"><strong>CORDIAL GIFT CO.<\/strong><\/a> I Montreal <\/p><p><a href=\"https:\/\/gourmetdetour.com\/\" target=\"_blank\" title=\"https:\/\/gourmetdetour.com\/\"><strong>MARCHÉ GOURMET DÉTOUR <\/strong><\/a>I Montreal <\/p><p><a href=\"https:\/\/missionsalto.ca\/\" target=\"_blank\" title=\"https:\/\/missionsalto.ca\/\"><strong>MISSION SALTO<\/strong><\/a><strong> <\/strong>I Montreal <\/p><p><a href=\"https:\/\/savorly.ca\/\" target=\"_blank\" title=\"https:\/\/savorly.ca\/\"><strong>SAVORLY <\/strong><\/a>I Toronto  <\/p>"}}},"block_order":["27f7f337-a72a-4bfa-a353-6e9e98d99206","f84c1c31-99b5-45f3-875c-ff77628d922a","page-faq-3-0","fd9ecf9a-eb65-446f-a5b0-7b4b85877b24","9868d88b-ed5b-428a-ac3e-5d9019d0d808","page-faq-3-1","46c9f773-3b55-4c56-baf0-ad031edb20f6","page-faq-3-2","a629ef1e-9b53-40b3-90f2-ae710ab46aad","8cc12442-d4f1-4368-8cdc-ebeb21cd6d26","4b0f1589-fa41-4c32-aeca-a17f48f974c4","448727a1-b6d4-47c9-a21c-2b9e8c352496","f0e3554b-c96d-4b51-b464-345bc713b443","b0fbd64f-71e8-4953-b158-c916ab3d2fbf","38c6a0ef-a4bf-4272-a31f-ca84cfdc0c8b","b78a734b-c596-4cc9-8218-50a67b2fc4c1","45e0439c-a99f-436e-9337-adcfbb6937df","ca0284f3-404c-4b3a-bda3-747c2397138a","b51657ba-ca3f-4fcb-aaff-95f596672c8b","f5b258b0-013e-4c1b-a7bf-8e71aab13ec5","5cddee54-a93c-411b-9346-22f453c4e410","c13162ee-ba17-499e-a212-ba350968631f","1fd8d12e-9fea-454c-ba76-f293c61f8fda","7428a003-6699-4044-adf5-865fffd010f0"],"settings":{"title":""}},"1611939151f25287ea":{"type":"index-columns","blocks":{"1611939151f25287ea-0":{"type":"text_block","settings":{"enable_image":true,"image":"shopify:\/\/shop_images\/farmer-woman-picking-peanuts-autumn-harvesting-farming-and-gardening-picture-id1174867638.jpg","title":"RADICAL HONESTY","text":"<p>Curious about where our ingredients come from and how they’re grown? We work with passionate producers who share their expertise and values with us. Learn more about them <a href=\"\/pages\/radical-honesty\" target=\"_blank\" title=\"RADICAL HONESTY\"><strong>here<\/strong><\/a>.<\/p>","button_label":"","button_link":"","enable_video":false,"video_link":"https:\/\/www.youtube.com\/watch?v=_9VUPq3SxOc"}},"1611939151f25287ea-1":{"type":"text_block","settings":{"enable_image":true,"image":"shopify:\/\/shop_images\/IMG_0165.jpg","title":"SMALL-BATCH THINKING","text":"<p>From shell to shelf, freshness is always our priority. By keeping our batches small, we ensure that every jar is packed with rich flavour, perfect texture, and the best possible tasting experience.<\/p>","button_label":"","button_link":"","enable_video":false,"video_link":"https:\/\/www.youtube.com\/watch?v=_9VUPq3SxOc"}},"292e844b-43c6-4c67-8631-f3cb382d41fe":{"type":"text_block","settings":{"enable_image":true,"image":"shopify:\/\/shop_images\/PROCESS_GRINDING.jpg","title":"HANDS ON FROM START TO FINISH","text":"<p>By handling every step—from selecting ingredients and importing to roasting, grinding, and jarring—we ensure fresher nut butters with fewer middlemen in between.<\/p>","button_label":"","button_link":"","enable_video":false,"video_link":"https:\/\/www.youtube.com\/watch?v=_9VUPq3SxOc"}},"1611939151f25287ea-2":{"type":"text_block","settings":{"enable_image":true,"image":"shopify:\/\/shop_images\/creamy-butternut-squash-pasta-4x3-1.jpg","title":"VERSATILE","text":"<p>Our nut butters can easily be paired with foods you already eat. Sandwiches, toasted bread, sliced apples, oatmeal - the options are virtually endless! Looking for creative ways to use them? Check out our delicious <a href=\"\/pages\/recipes\" target=\"_blank\" title=\"RECIPES\"><strong>recipes<\/strong>.<\/a><\/p>","button_label":"","button_link":"","enable_video":false,"video_link":"https:\/\/www.youtube.com\/watch?v=_9VUPq3SxOc"}}},"block_order":["1611939151f25287ea-0","1611939151f25287ea-1","292e844b-43c6-4c67-8631-f3cb382d41fe","1611939151f25287ea-2"],"settings":{"title":"ONE SMALL JAR, MANY BLESSINGS","bg":"section--dark","align_text":"text-center","scale_image":false,"aspect_ratio":1}},"cart":{"type":"cart","settings":{"enable_ajax":true,"cart_vendor_enable":false,"cart_notes_enable":true,"cart_show_quantity":true,"cart_show_additional_buttons":false}},"16348438725e55d957":{"type":"index-slideshow","blocks":{"24713b9d-a080-45c6-a954-94956291a100":{"type":"image","disabled":true,"settings":{"color":"#dec187","description1":"","title":"OUR ONLINE SHOP IS CLOSED UNTIL JANUARY 2ND","description2":"We will ship all orders when we return. Happy holidays!","btnText":"WHERE TO FIND US UNTIL THEN :)","btnUrl":"https:\/\/loganpetitlot.shop\/pages\/store-locator"}},"0033d378-bd97-4343-b628-11400d6096be":{"type":"image","disabled":true,"settings":{"color":"#0e5923","image":"shopify:\/\/shop_images\/LPL_3_pots_6.jpg","image1":"shopify:\/\/shop_images\/LPL_3_pots_6.jpg","description1":"","title":"COZINESS IN A JAR","description2":"","btnText":"DISCOVER OUR LIMITED BATCHES","btnUrl":"shopify:\/\/collections\/limited-batches"}},"d21d0290-10f3-409d-a1ed-6d0260a1ac33":{"type":"image","settings":{"color":"#e37648","image":"shopify:\/\/shop_images\/LPL-fond-couleurs-7.jpg","image1":"shopify:\/\/shop_images\/LPL-fond-couleurs-6.jpg","description1":"","title":"UNIQUE, ONE-OF-A-KIND FLAVOURS","description2":"","btnText":"DISCOVER OUR CREATIVE BLENDS","btnUrl":"shopify:\/\/collections\/creative-blends"}},"16348438725e55d957-1":{"type":"image","settings":{"color":"#f9b077","image":"shopify:\/\/shop_images\/LPL-fond-couleurs-2.jpg","image1":"shopify:\/\/shop_images\/LPL-fond-couleurs-2.jpg","description1":"","title":"TIMELESS NUT BUTTERS FOR EVERY DAY MEALS","description2":"","btnText":"DISCOVER OUR PANTRY STAPLES","btnUrl":"shopify:\/\/collections\/pantry-staples"}}},"block_order":["24713b9d-a080-45c6-a954-94956291a100","0033d378-bd97-4343-b628-11400d6096be","d21d0290-10f3-409d-a1ed-6d0260a1ac33","16348438725e55d957-1"],"settings":{"slider_type":"slider1"}},"1658861136f8ae3e87":{"type":"index-collection","disabled":true,"settings":{"title":"what's new","collection":"pantry-staples","grid":3,"rows":1,"bg":"section","show_view_all":false}},"16589079032b42dea6":{"type":"JoinUs","settings":{"title":"SIGN UP FOR DELICIOUS NEWS","descrption1":"Join our mailing list to get a bi-monthly email featuring special perks only available to our community : early access to new product launches, news from us, and exclusive offers and promotions. You'll also get a new original recipe each month delivered to your mailbox before it's shared anywhere else.","descrption2":"We won't spam you. Promise.","btnText":"SIGN UP"}},"ProductsUsed":{"type":"ProductsUsed","blocks":{"29765ec7-b9cb-4795-be90-9cd269c60022":{"type":"Product","settings":{"prod":"ginger-almond-butter"}},"d3b47325-26f5-4a53-8f02-9120dd6940c5":{"type":"Product","settings":{"prod":"chipotle-peanut-butter"}},"ffc1efc5-c5db-4f5e-b5f9-f2bc259a54fb":{"type":"Product","settings":{"prod":"chocolate-sea-salt-peanut-butter"}},"a5a04a49-7110-4e13-9eaf-9f96f7d0a1b3":{"type":"Product","settings":{"prod":"cashew-coffee"}}},"block_order":["29765ec7-b9cb-4795-be90-9cd269c60022","d3b47325-26f5-4a53-8f02-9120dd6940c5","ffc1efc5-c5db-4f5e-b5f9-f2bc259a54fb","a5a04a49-7110-4e13-9eaf-9f96f7d0a1b3"],"settings":{}},"1659823998133684b0":{"type":"index-richtext","disabled":true,"settings":{"title":"WE BUTTER BETTER","home_page_richtext":"<p>At Logan Petit Lot, we are committed to approaching nut sourcing with radical honesty. We set out to own small-batch thinking - from shell to shelf - and to dedicate ourselves equally to good taste, good health and good doing.<\/p>","text_align":"align--middle-center","bg":"section--dark"}},"announcement-slider":{"type":"announcement-slider","blocks":{"8d72d58b-bb59-4fa8-a500-e470d3ed1e23":{"type":"AnnouncementItem","settings":{"txt":"FREE SHIPPING IN CANADA ON ORDERS OF $100 | WE SHIP EVERY WEDNESDAY"}}},"block_order":["8d72d58b-bb59-4fa8-a500-e470d3ed1e23"],"settings":{}},"16614482101e54b57b":{"type":"index-video","settings":{"image":"shopify:\/\/shop_images\/LoganPetitLotFrame1_9.1.7.jpg","video_link":"https:\/\/youtu.be\/UHWGkcf6z1E","height":"use_screen_three_quarters","overlay_opacity":15,"autoplay":false,"show_play":true,"title":"We do things differently","description":"Here's our story","text_align":"align--middle-center","color":"palette--contrast--dark"}},"recipeDetails":{"type":"recipeDetails","settings":{"title":"PRODUCT USED IN THIS RECIPE"}},"55815373-7ba1-4222-8832-0d108a3b32a0":{"type":"index-double","blocks":{"55815373-7ba1-4222-8832-0d108a3b32a0-167630603815148270-0":{"type":"image","settings":{"image":"shopify:\/\/shop_images\/LPL-fond-couleurs-29.jpg","overlay_opacity":0,"title":"","description":"","text_align":"align--middle-center","color":"palette--contrast--dark","link_text":"","link":"shopify:\/\/collections\/creative-blends","button_style":"btn"}},"55815373-7ba1-4222-8832-0d108a3b32a0-167630603815148270-1":{"type":"text","settings":{"title":"A TWIST ON TRADITION","richtext":"<p>Our <em><strong>Creative Blends<\/strong><\/em> don’t play by the rules. We mix nuts with unique ingredients to see where flavour takes us. Sometimes bold, sometimes surprising, always worth a taste.<\/p>","text_align":"align--middle-center","bg":"section--dark","link_text":"SHOP","link":"shopify:\/\/collections\/creative-blends","button_style":"btn"}}},"block_order":["55815373-7ba1-4222-8832-0d108a3b32a0-167630603815148270-0","55815373-7ba1-4222-8832-0d108a3b32a0-167630603815148270-1"],"settings":{"height":"use_screen_one_half"}},"337d6130-51de-4978-9fea-4c9c5bb0abf3":{"type":"index-double","blocks":{"337d6130-51de-4978-9fea-4c9c5bb0abf3-167630603815148270-1":{"type":"text","settings":{"title":"Simple, but never boring","richtext":"<p>Our <em><strong>Pantry Staples<\/strong><\/em> keep it classic—just nuts, naturally. Smooth, rich, and endlessly versatile, they’re just as good on toast as they are in your favourite recipes. Spread, drizzle, cook… they’re ready for whatever you’ve got in mind.<\/p>","text_align":"align--middle-center","bg":"section--dark","link_text":"SHOP","link":"shopify:\/\/collections\/pantry-staples","button_style":"btn"}},"337d6130-51de-4978-9fea-4c9c5bb0abf3-167630603815148270-0":{"type":"image","settings":{"image":"shopify:\/\/shop_images\/LPL-fond-couleurs-12.jpg","overlay_opacity":0,"title":"","description":"","text_align":"align--middle-center","color":"palette--contrast--dark","link_text":"","link":"shopify:\/\/collections\/pantry-staples","button_style":"btn"}}},"block_order":["337d6130-51de-4978-9fea-4c9c5bb0abf3-167630603815148270-1","337d6130-51de-4978-9fea-4c9c5bb0abf3-167630603815148270-0"],"settings":{"height":"use_screen_one_half"}},"584604c5-a46d-4cfb-a301-5d611b86ba1a":{"type":"index-double","blocks":{"584604c5-a46d-4cfb-a301-5d611b86ba1a-text-1":{"type":"text","settings":{"title":"LIMITED BATCHES, UNLIMITED FLAVOURS","richtext":"<p>Our <em><strong>Limited Batches<\/strong><\/em> come and go. They're our way of playing with bold flavours and seeing what sticks. Inspired by the spices and aromas we love, each batch is a small test run, a chance to try something new, and maybe, just maybe, discover your next favourite :)<\/p>","text_align":"align--middle-center","bg":"section--dark","link_text":"SHOP","link":"shopify:\/\/collections\/limited-batches","button_style":"btn"}},"584604c5-a46d-4cfb-a301-5d611b86ba1a-image-1":{"type":"image","settings":{"image":"shopify:\/\/shop_images\/LPL_3_pots_6.jpg","overlay_opacity":15,"title":"","description":"","text_align":"align--middle-center","color":"palette--contrast--dark","link_text":"","link":"","button_style":"btn"}}},"block_order":["584604c5-a46d-4cfb-a301-5d611b86ba1a-text-1","584604c5-a46d-4cfb-a301-5d611b86ba1a-image-1"],"settings":{"height":"use_screen_one_half"}},"index_double_MgeNAA":{"type":"index-double","blocks":{"image_MrRhcB":{"type":"image","settings":{"image":"shopify:\/\/shop_images\/coffret-cadeau-1x1-5.jpg","overlay_opacity":0,"title":"","description":"","text_align":"align--middle-center","color":"palette--contrast--dark","link_text":"","link":"shopify:\/\/collections\/creative-blends","button_style":"btn"}},"text_MVrANh":{"type":"text","settings":{"title":"A GIFT THAT GIVES BACK","richtext":"<p>The perfect gift, wrapped and ready! We've curated three of our best-selling nut butters into one elegant gift box—sure to impress any foodie. But the best part? With every box sold, we donate $2 to <strong>Big Brothers Big Sisters of Greater Montreal<\/strong>, helping to make a difference.<\/p><p>Gift deliciously. Give meaningfully. <\/p>","text_align":"align--middle-center","bg":"section--dark","link_text":"SHOP","link":"shopify:\/\/products\/gift-box","button_style":"btn"}}},"block_order":["image_MrRhcB","text_MVrANh"],"settings":{"height":"use_screen_one_half"}}},"content_for_index":["16348438725e55d957","1659823998133684b0","337d6130-51de-4978-9fea-4c9c5bb0abf3","55815373-7ba1-4222-8832-0d108a3b32a0","584604c5-a46d-4cfb-a301-5d611b86ba1a","index_double_MgeNAA","16614482101e54b57b","1658861136f8ae3e87","1611939151f25287ea","16589079032b42dea6"]},"presets":{"Light":{"color_announcement_bg":"#f7f7f7","color_announcement_text":"#656565","color_header_bg":"#ffffff","color_header_text":"#656565","color_nav_border":"#f7f7f7","color_body_bg":"#ffffff","color_body_text":"#656565","color_primary":"#f4a482","color_secondary":"#585e71","color_bg_light":"#f7f7f7","color_bg_inverse":"#2e3438","color_text_inverse":"#ffffff","color_primary_inverse":"#fcd8c8","color_secondary_inverse":"#c6dae5","color_bg_accent_inverse":"#222324","product_background_color":"#ffffff","color_footer_bg":"#ffffff","color_footer_text":"#656565","color_account_bg":"#f3f3f3","color_account_text":"#656565","color_splash":"#f4a482","color_border":"#dddddd","homepage_background_light":"#f7f7f7","homepage_background_dark":"#2e3438","product_slideshow_arrows":"#cccccc","color_footer_social_link":"#a9a9a9","type_header_font":"ovo_n4","type_heading_size":100,"font_title_capitalize":false,"type_accent_font":"itc_johnston_n5","type_accent_size":100,"type_base_font":"harmonia_sans_n4","type_body_size":100,"animations_enable":true,"parallax_enable":true,"padding":32,"button_radius":0,"collection_text_alignment":"text-center","product_grid_style":"hover","image_hover_enable":true,"image_autoheight_enable":true,"product_grid_aspect_ratio":1,"swatches_enable":true,"tag_sellout":false,"tag_sale":true,"tag_new":false,"tag_new_limit":14,"checkout_use_body_background_image":false,"checkout_body_background_color":"#fff","checkout_input_background_color_mode":"white","checkout_sidebar_background_color":"#fafafa","checkout_heading_font":"Helvetica Neue","checkout_body_font":"Helvetica Neue","checkout_accent_color":"#E37648","checkout_button_color":"#f4a482","checkout_error_color":"#585e71"},"Bright":{"color_announcement_bg":"#333333","color_announcement_text":"#ffffff","color_header_bg":"#ffffff","color_header_text":"#333333","color_nav_border":"#ededed","color_body_bg":"#ffffff","color_body_text":"#000000","color_primary":"#1391a4","color_secondary":"#285056","color_bg_inverse":"#333333","color_primary_inverse":"#70ccda","color_secondary_inverse":"#497178","color_bg_accent_inverse":"#000810","product_background_color":"#fcfcfc","color_footer_bg":"#f7f7f7","color_footer_text":"#333333","type_header_font":"bembo_book_n7","type_heading_size":100,"font_title_capitalize":false,"type_accent_font":"avenir_next_n5","type_accent_size":100,"type_base_font":"avenir_next_n4","type_body_size":100,"collection_text_alignment":"text-center","product_grid_style":"hover","checkout_use_body_background_image":false,"checkout_body_background_color":"#fff","checkout_input_background_color_mode":"white","checkout_sidebar_background_color":"#fafafa","checkout_heading_font":"Helvetica Neue","checkout_body_font":"Helvetica Neue","checkout_accent_color":"#1391a4","checkout_button_color":"#1391a4","checkout_error_color":"#DE7878"},"Dark":{"color_announcement_bg":"#212121","color_announcement_text":"#d4d4d4","color_header_bg":"#353535","color_header_text":"#ffffff","color_nav_border":"#000000","color_body_bg":"#ffffff","color_body_text":"#3c3c3c","color_primary":"#C73535","color_secondary":"#000000","color_bg_light":"#f7f7f7","color_bg_inverse":"#2e3438","color_text_inverse":"#e6e6e6","color_primary_inverse":"#e3baba","color_secondary_inverse":"#ffffff","color_bg_accent_inverse":"#222324","product_background_color":"#ffffff","color_footer_bg":"#383838","color_footer_text":"#e3e3e3","type_header_font":"basic_commercial_n7","type_heading_size":100,"font_title_capitalize":false,"type_accent_font":"karla_n4","type_accent_size":115,"type_base_font":"basic_commercial_n4","type_body_size":125,"collection_text_alignment":"text-center","product_grid_style":"under","checkout_use_body_background_image":false,"checkout_body_background_color":"#fff","checkout_input_background_color_mode":"white","checkout_sidebar_background_color":"#fafafa","checkout_heading_font":"Open Sans","checkout_body_font":"Open Sans","checkout_accent_color":"#8b1e1e","checkout_button_color":"#e73131","checkout_error_color":"#ff862b"}},"platform_customizations":{"custom_css":[".home__subtitle {color: #7f6450;}"]}}