{"sections":{"main":{"type":"recipe","blocks":{"9407194a-c0bb-4a20-93f3-6db06205b57a":{"type":"blog","settings":{"title":"Almond Butter Sea Salt","blog":"almond-butter-sea-salt"}},"36690dc9-1c4b-4f6e-a343-ae0bb31e4e83":{"type":"blog","settings":{"title":"Cashew Butter Sea Salt","blog":"cashew-butter-sea-salt"}},"281dec79-cc3b-4c7e-8fca-173830ad1258":{"type":"blog","settings":{"title":"Peanut Butter Sea Salt","blog":"peanut-butter-sea-salt"}},"2985efbc-c3ff-479f-b8f3-63fe990e614d":{"type":"blog","settings":{"title":"Cashew Coffee Nibs Butter","blog":"cashew-coffee-nibs-butter"}},"60033c9d-d1d4-4bf2-9763-5786580b39b6":{"type":"blog","settings":{"title":"Cashew Lemony Umami Butter","blog":"cashew-lemony-umami-butter"}},"c50f71d2-6ec6-4777-b84c-26c17132ffdd":{"type":"blog","settings":{"title":"Cashew Toasted Sesame Butter","blog":"cashew-toasted-sesame-butter"}},"674736cd-6a46-46d2-b46a-afb56689d131":{"type":"blog","settings":{"title":"Peanut Chocolate Butter","blog":"peanut-chocolate-butter"}},"b6279923-0dc0-45f1-942d-15e0770ce733":{"type":"blog","settings":{"title":"Peanut Maple Chipotle Butter","blog":"peanut-maple-chipotle-butter"}},"a0d0d2a0-1ea4-4dc0-ae6c-33c53f1b8750":{"type":"blog","settings":{"title":"Pecan Maple Butter","blog":"pecan-maple-butter"}}},"block_order":["9407194a-c0bb-4a20-93f3-6db06205b57a","36690dc9-1c4b-4f6e-a343-ae0bb31e4e83","281dec79-cc3b-4c7e-8fca-173830ad1258","2985efbc-c3ff-479f-b8f3-63fe990e614d","60033c9d-d1d4-4bf2-9763-5786580b39b6","c50f71d2-6ec6-4777-b84c-26c17132ffdd","674736cd-6a46-46d2-b46a-afb56689d131","b6279923-0dc0-45f1-942d-15e0770ce733","a0d0d2a0-1ea4-4dc0-ae6c-33c53f1b8750"],"settings":{"grid_setting_large":1,"grid_setting_small":2,"product_limit":48,"enable_layout_toggle":true,"collection_sorting":false,"text_align":"align--middle-center","show_title":true,"show_title_below":false,"show_description":true,"show_description_below":false,"show_image":true,"image_height":"use_screen_one_third","overlay_opacity":20,"color":"palette--contrast--dark","hide_sidebar":false,"collection_custom_nav_list":"","collection_standard_nav":false,"collection_tag_nav":false}}},"order":["main"]}