{"switcher":{"version":"2.0.2","customCSS":"","languageDetection":false,"languageDetectionDefault":"fr","breakpoints":[{"key":0,"label":"0px","config":{"type":"custom","corner":"top_left","position":"fixed","show_flags":false,"show_label":false,"show_custom_name":false,"show_name":false,"show_iso_code":false,"round_icons":false,"is_dark":false,"is_transparent":true,"arrow_size":100,"arrow_width":1,"arrow_filled":false,"dropdown_open":false,"h_space":0,"v_space":0,"text_color":"#000","arrow_color":"#000","bg_color":"#fff","fontsize":14,"switcherLabel":"show_custom_name","rectangle_icons":true,"switcherIcons":"rectangle_icons"}},{"key":1000,"label":"1000px","config":{"type":"links","corner":"top_right","position":"fixed","show_flags":false,"show_label":false,"show_custom_name":false,"show_name":false,"show_iso_code":false,"round_icons":false,"is_dark":false,"is_transparent":true,"arrow_size":100,"arrow_width":1,"arrow_filled":false,"dropdown_open":false,"h_space":0,"v_space":0,"text_color":"#000","arrow_color":"#000","bg_color":"#fff","fontsize":14,"switcherLabel":"show_custom_name","rectangle_icons":false,"switcherIcons":false}}],"languages":[{"iso_code":"en","root_url":"\/","name":"EN","primary":true,"domain":false,"published":true,"custom_name":false},{"iso_code":"fr","root_url":"\/fr","name":"FR","primary":false,"domain":false,"published":true,"custom_name":false}]}}